Core,Power,Frequency,Temperature,Utilization,InThrottleMode
0,0.428154,4000,47.51,0.05004,1
1,4.49536,4000,88.65,0.333333,1
2,4.25435,4000,86.84,0.310945,1
3,0.402758,4000,47.58,0,1
0,1.78456,1000,59.94,0.822368,0
0,4.1364,2000,87.61,0.382848,1
1,0.402758,1000,47.28,0,1
2,0.402758,1000,47.35,0,1
3,0.402758,1000,47.35,0,1
0,0.40276,1000,56.1,0,0
0,0.402758,1000,49.24,0,0
0,0.402787,1000,47.52,0,0
0,0.402758,1000,47.49,0,0
0,0.402758,1000,47.48,0,0
0,0.402758,1000,47.47,0,0
0,0.40277,1000,47.46,0,0
0,0.402758,1000,47.45,0,0
0,0.771842,1000,50.04,0.0826173,0
0,1.56875,1000,59.79,0.259875,0
0,0.999588,2000,50.84,0.0750751,0
0,0.969653,2000,50.98,0.0736811,0
0,0.969683,2000,51.08,0.0736811,0
0,0.969653,2000,51.14,0.0736811,0
0,0.969653,2000,51.17,0.0736811,0
0,0.969676,2000,51.18,0.0736811,0
0,0.969664,2000,51.19,0.0736811,0
0,0.969646,2000,51.2,0.0736811,0
0,0.969028,2000,51.19,0.0735294,0
0,0.967584,2000,51.17,0.0732279,0
0,0.967512,2000,51.17,0.0732064,0
0,1.23773,2000,54.27,0.129534,0
0,3.71177,3000,81.08,0.281215,1
1,0.402758,1000,47.45,0,1
2,0.402758,1000,47.54,0,1
3,0.402758,1000,47.53,0,1
0,0.847703,1000,59.85,0.294811,0
0,1.94253,2000,65.74,0.283126,0
0,3.5344,3000,82.73,0.265675,1
1,0.402758,1000,47.45,0,1
2,0.402758,1000,47.54,0,1
3,0.402758,1000,47.53,0,1
0,0.835845,1000,60.77,0.288351,0
0,1.89351,2000,65.78,0.273523,0
0,3.4409,3000,81.87,0.25641,1
1,0.402758,1000,47.46,0,1
2,0.402758,1000,47.54,0,1
3,0.402758,1000,47.53,0,1
0,0.82287,1000,60.51,0.279955,0
0,1.86221,2000,65.4,0.266809,0
0,3.36812,3000,80.92,0.249004,1
1,0.402758,1000,47.46,0,1
2,0.402758,1000,47.54,0,1
3,0.402758,1000,47.53,0,1
0,0.817382,1000,60.22,0.276549,0
0,1.84199,2000,65.07,0.262329,0
0,3.34724,3000,80.62,0.247036,1
1,0.402758,1000,47.46,0,1
2,0.402758,1000,47.54,0,1
3,0.402758,1000,47.53,0,1
0,0.809114,1000,60.05,0.27115,0
0,1.83247,2000,64.93,0.260688,0
0,3.31048,3000,80.16,0.243427,1
1,0.402758,1000,47.46,0,1
2,0.402758,1000,47.54,0,1
3,0.402758,1000,47.53,0,1
0,0.811399,1000,59.97,0.272628,0
0,1.8249,2000,64.8,0.258799,0
0,3.32163,3000,80.27,0.244618,1
1,0.402758,1000,47.46,0,1
2,0.402758,1000,47.54,0,1
3,0.402758,1000,47.53,0,1
0,0.808263,1000,59.96,0.270856,0
0,1.8146,2000,64.68,0.256674,0
0,3.29544,3000,79.93,0.242014,0
0,5.59902,4000,107.36,0.24558,1
1,0.402758,1000,47.46,0,1
2,0.402758,1000,47.54,0,1
3,0.402758,1000,47.53,0,1
0,0.80421,1000,67.03,0.267953,0
0,1.79791,2000,67.16,0.253036,0
0,3.28487,3000,81.01,0.240616,1
1,0.402758,1000,47.47,0,1
2,0.402758,1000,47.54,0,1
3,0.402758,1000,47.53,0,1
0,0.803858,1000,60.45,0.26738,0
0,1.79902,2000,64.83,0.253293,0
0,3.29719,3000,80.11,0.242014,1
1,0.402758,1000,47.47,0,1
2,0.402758,1000,47.54,0,1
3,0.402758,1000,47.53,0,1
0,0.807303,1000,59.99,0.27027,0
0,1.82515,2000,64.87,0.258799,0
0,3.30616,3000,80.16,0.243191,1
1,0.402758,1000,47.47,0,1
2,0.402758,1000,47.54,0,1
3,0.402758,1000,47.53,0,1
0,0.805644,1000,59.94,0.269107,0
0,1.82907,2000,64.9,0.260146,0
0,3.34027,3000,80.57,0.246792,1
1,0.402758,1000,47.47,0,1
2,0.402758,1000,47.54,0,1
3,0.402758,1000,47.53,0,1
0,0.818648,1000,60.19,0.277778,0
0,1.8263,2000,64.93,0.259336,0
0,3.32066,3000,80.33,0.244618,1
1,0.402758,1000,47.47,0,1
2,0.402758,1000,47.54,0,1
3,0.402758,1000,47.53,0,1
0,0.808461,1000,60.01,0.27115,0
0,1.81709,2000,64.76,0.257202,0
0,3.30256,3000,80.1,0.242954,1
1,0.402758,1000,47.47,0,1
2,0.402758,1000,47.54,0,1
3,0.402758,1000,47.53,0,1
0,0.808194,1000,59.95,0.270856,0
0,1.8116,2000,64.68,0.256148,0
0,3.31877,3000,80.21,0.244141,1
1,0.402758,1000,47.47,0,1
2,0.402758,1000,47.54,0,1
3,0.402758,1000,47.53,0,1
0,0.804736,1000,59.92,0.26824,0
0,1.8139,2000,64.7,0.256674,0
0,3.29096,3000,79.91,0.241546,0
0,5.59138,4000,107.36,0.24558,1
1,0.402758,1000,47.47,0,1
2,0.402758,1000,47.54,0,1
3,0.402758,1000,47.53,0,1
0,0.809708,1000,67.13,0.272035,0
0,1.81062,2000,67.39,0.256148,0
0,3.28913,3000,81.18,0.241313,1
1,0.402758,1000,47.47,0,1
2,0.402758,1000,47.54,0,1
3,0.402758,1000,47.53,0,1
0,0.806265,1000,60.56,0.269397,0
0,1.80858,2000,65.01,0.255624,0
0,3.28509,3000,80.04,0.24108,1
1,0.402758,1000,47.47,0,1
2,0.402758,1000,47.54,0,1
3,0.402758,1000,47.53,0,1
0,0.802939,1000,59.95,0.26738,0
0,1.80541,2000,64.65,0.254842,0
0,3.28146,3000,79.83,0.240848,0
0,5.5743,4000,107.1,0.244141,1
1,0.402758,1000,47.47,0,1
2,0.402758,1000,47.54,0,1
3,0.402758,1000,47.53,0,1
0,0.802374,1000,66.98,0.266525,0
0,1.81184,2000,67.36,0.256148,0
0,3.29196,3000,81.22,0.241779,1
1,0.402758,1000,47.47,0,1
2,0.402758,1000,47.54,0,1
3,0.402758,1000,47.53,0,1
0,0.805703,1000,60.57,0.268817,0
0,1.81019,2000,65.05,0.255885,0
0,3.2738,3000,79.92,0.239693,0
0,5.54898,4000,106.88,0.242718,1
1,0.402758,1000,47.47,0,1
2,0.402758,1000,47.54,0,1
3,0.402758,1000,47.53,0,1
0,0.806781,1000,67.03,0.269687,0
0,1.80683,2000,67.32,0.254842,0
0,3.2756,3000,81.01,0.239923,1
1,0.402758,1000,47.47,0,1
2,0.402758,1000,47.54,0,1
3,0.402758,1000,47.53,0,1
0,0.806668,1000,60.54,0.269687,0
0,1.80148,2000,64.93,0.253807,0
0,3.26371,3000,79.73,0.238322,0
0,5.47399,4000,105.92,0.238322,1
1,0.402758,1000,47.47,0,1
2,0.402758,1000,47.54,0,1
3,0.402758,1000,47.53,0,1
0,0.8028,1000,66.73,0.266241,0
0,1.79106,2000,67.04,0.251256,0
0,3.24782,3000,80.59,0.236967,1
1,0.402758,1000,47.48,0,1
2,0.402758,1000,47.54,0,1
3,0.402758,1000,47.53,0,1
0,0.798554,1000,60.33,0.263713,0
0,1.78576,2000,64.66,0.25,0
0,3.22979,3000,79.23,0.234742,0
0,5.44346,4000,105.37,0.236518,1
1,0.402758,1000,47.47,0,1
2,0.402758,1000,47.54,0,1
3,0.402758,1000,47.53,0,1
0,0.800194,1000,66.55,0.26483,0
0,1.78034,2000,66.85,0.249252,0
0,3.21036,3000,80.05,0.232992,1
1,0.402758,1000,47.48,0,1
2,0.402758,1000,47.54,0,1
3,0.402758,1000,47.53,0,1
0,0.80221,1000,60.22,0.265957,0
0,1.7798,2000,64.54,0.248756,0
0,3.21505,3000,79.02,0.233209,0
0,5.40526,4000,104.83,0.234082,1
1,0.402758,1000,47.47,0,1
2,0.402758,1000,47.54,0,1
3,0.402758,1000,47.53,0,1
0,0.799989,1000,66.41,0.26483,0
0,1.77451,2000,66.71,0.24777,0
0,3.18272,3000,79.66,0.229991,0
0,5.36543,4000,104.81,0.231911,1
1,0.402758,1000,47.48,0,1
2,0.402758,1000,47.54,0,1
3,0.402758,1000,47.53,0,1
0,0.79733,1000,66.53,0.263158,0
0,1.76881,2000,66.75,0.246548,0
0,3.19584,3000,79.87,0.231267,0
0,5.38153,4000,105.05,0.232775,1
1,0.402758,1000,47.48,0,1
2,0.402758,1000,47.54,0,1
3,0.402758,1000,47.53,0,1
0,0.798112,1000,66.61,0.263435,0
0,1.77508,2000,66.85,0.247525,0
0,3.18562,3000,79.78,0.230203,0
0,5.30642,4000,104.16,0.228519,1
1,0.402758,1000,47.48,0,1
2,0.402758,1000,47.54,0,1
3,0.402758,1000,47.53,0,1
0,0.802979,1000,66.45,0.266241,0
0,1.76199,2000,66.6,0.244141,0
0,3.15629,3000,79.31,0.22686,0
0,5.26796,4000,103.51,0.22604,1
1,0.402758,1000,47.48,0,1
2,0.402758,1000,47.54,0,1
3,0.402758,1000,47.53,0,1
0,0.79779,1000,66.22,0.263435,0
0,1.75274,2000,66.43,0.242483,0
0,3.11673,3000,78.77,0.222816,0
0,5.18429,4000,102.32,0.221239,1
1,0.402758,1000,47.48,0,1
2,0.402758,1000,47.54,0,1
3,0.402758,1000,47.53,0,1
0,0.791494,1000,65.83,0.258799,0
0,1.73673,2000,66.09,0.23855,0
0,3.09407,3000,78.39,0.220459,0
0,5.20115,4000,102.39,0.222025,1
1,0.402758,1000,47.48,0,1
2,0.402758,1000,47.54,0,1
3,0.402758,1000,47.53,0,1
0,0.794557,1000,65.85,0.260146,0
0,1.7383,2000,66.11,0.239006,0
0,3.10007,3000,78.46,0.221043,0
0,5.10113,4000,101.16,0.216076,1
1,0.402758,1000,47.48,0,1
2,0.402758,1000,47.54,0,1
3,0.402758,1000,47.53,0,1
0,0.791486,1000,65.52,0.258264,0
0,1.7386,2000,66,0.239234,0
0,3.08063,3000,78.14,0.218723,0
0,5.10609,4000,101.11,0.216263,1
1,0.402758,1000,47.48,0,1
2,0.402758,1000,47.54,0,1
3,0.402758,1000,47.53,0,1
0,0.78602,1000,65.41,0.254065,0
0,1.72359,2000,65.77,0.235627,0
0,3.04764,3000,77.66,0.215146,0
0,5.10001,4000,100.93,0.216076,1
1,0.402758,1000,47.48,0,1
2,0.402758,1000,47.54,0,1
3,0.402758,1000,47.53,0,1
0,0.78988,1000,65.4,0.257202,0
0,1.71897,2000,65.68,0.234302,0
0,3.06263,3000,77.84,0.217014,0
0,5.01503,4000,99.86,0.210793,1
1,0.402758,1000,47.48,0,1
2,0.402758,1000,47.54,0,1
3,0.402758,1000,47.53,0,1
0,0.787679,1000,65.12,0.25641,0
0,1.71832,2000,65.63,0.235183,0
0,3.04109,3000,77.62,0.215332,0
0,5.00112,4000,99.83,0.21097,1
1,0.402758,1000,47.48,0,1
2,0.402758,1000,47.54,0,1
3,0.402758,1000,47.53,0,1
0,0.786313,1000,65.08,0.254842,0
0,1.70619,2000,65.45,0.232342,0
0,3.01352,3000,77.2,0.212224,0
0,4.94945,4000,98.99,0.207641,1
1,0.402758,1000,47.48,0,1
2,0.402758,1000,47.54,0,1
3,0.402758,1000,47.53,0,1
0,0.779292,1000,64.77,0.25025,0
0,1.69715,2000,65.23,0.230203,0
0,3.00542,3000,77,0.211149,0
0,4.9574,4000,99.05,0.20816,1
1,0.402758,1000,47.48,0,1
2,0.402758,1000,47.54,0,1
3,0.402758,1000,47.53,0,1
0,0.783044,1000,64.82,0.252781,0
0,1.69031,2000,65.13,0.22831,0
0,2.98401,3000,76.71,0.208855,0
0,4.91577,4000,98.46,0.205761,1
1,0.402758,1000,47.48,0,1
2,0.402758,1000,47.54,0,1
3,0.402758,1000,47.53,0,1
0,0.783236,1000,64.66,0.252781,0
0,1.69932,2000,65.18,0.230415,0
0,2.98127,3000,76.65,0.208507,0
0,4.89304,4000,98.08,0.204082,1
1,0.402758,1000,47.48,0,1
2,0.402758,1000,47.54,0,1
3,0.402758,1000,47.53,0,1
0,0.782794,1000,64.55,0.251762,0
0,1.68873,2000,65,0.227687,0
0,2.97068,3000,76.45,0.207297,0
0,4.86856,4000,97.69,0.202429,1
1,0.402758,1000,47.48,0,1
2,0.402758,1000,47.54,0,1
3,0.402758,1000,47.53,0,1
0,0.778516,1000,64.39,0.249252,0
0,1.6866,2000,64.91,0.227066,0
0,2.95687,3000,76.27,0.206101,0
0,4.80072,4000,96.86,0.198728,1
1,0.402758,1000,47.48,0,1
2,0.402758,1000,47.54,0,1
3,0.402758,1000,47.53,0,1
0,0.779328,1000,64.19,0.24975,0
0,1.67832,2000,64.77,0.22604,0
0,2.93823,3000,75.99,0.204082,0
0,4.82867,4000,97.01,0.19984,1
1,0.402758,1000,47.48,0,1
2,0.402758,1000,47.54,0,1
3,0.402758,1000,47.53,0,1
0,0.775643,1000,64.16,0.247036,0
0,1.66646,2000,64.58,0.222618,0
0,2.92105,3000,75.7,0.201939,0
0,4.78183,4000,96.35,0.197161,1
1,0.402758,1000,47.48,0,1
2,0.402758,1000,47.54,0,1
3,0.402758,1000,47.53,0,1
0,0.779002,1000,64.02,0.249004,0
0,1.66344,2000,64.49,0.222025,0
0,2.90495,3000,75.41,0.19984,0
0,4.80737,4000,96.63,0.198886,1
1,0.402758,1000,47.48,0,1
2,0.402758,1000,47.54,0,1
3,0.402758,1000,47.53,0,1
0,0.778809,1000,64.08,0.249252,0
0,1.67204,2000,64.59,0.223614,0
0,2.89735,3000,75.38,0.199362,0
0,4.78593,4000,96.35,0.197628,1
1,0.402758,1000,47.48,0,1
2,0.402758,1000,47.54,0,1
3,0.402758,1000,47.53,0,1
0,0.778973,1000,64.01,0.249004,0
0,1.66602,2000,64.51,0.222618,0
0,2.90794,3000,75.47,0.200481,0
0,4.73573,4000,95.71,0.194401,1
1,0.402758,1000,47.48,0,1
2,0.402758,1000,47.54,0,1
3,0.402758,1000,47.53,0,1
0,0.774317,1000,63.79,0.245821,0
0,1.66123,2000,64.36,0.221239,0
0,2.88454,3000,75.15,0.198098,0
0,4.74135,4000,95.77,0.19516,1
1,0.402758,1000,47.48,0,1
2,0.402758,1000,47.54,0,1
3,0.402758,1000,47.53,0,1
0,0.778331,1000,63.83,0.248262,0
0,1.6537,2000,64.28,0.219684,0
0,2.88024,3000,75.06,0.197628,0
0,4.70324,4000,95.27,0.192901,1
1,0.402758,1000,47.48,0,1
2,0.402758,1000,47.54,0,1
3,0.402758,1000,47.53,0,1
0,0.774207,1000,63.66,0.24558,0
0,1.64843,2000,64.15,0.218341,0
0,2.87528,3000,74.94,0.19685,0
0,4.6956,4000,95.09,0.192308,1
1,0.402758,1000,47.48,0,1
2,0.402758,1000,47.54,0,1
3,0.402758,1000,47.53,0,1
0,0.77752,1000,63.64,0.24777,0
0,1.65405,2000,64.19,0.219298,0
0,2.88323,3000,75.05,0.197785,0
0,4.65557,4000,94.57,0.189681,1
1,0.402758,1000,47.48,0,1
2,0.402758,1000,47.54,0,1
3,0.402758,1000,47.53,0,1
0,0.774144,1000,63.47,0.245098,0
0,1.64315,2000,64.01,0.217202,0
0,2.85215,3000,74.62,0.194553,0
0,4.64567,4000,94.34,0.189107,1
1,0.402758,1000,47.48,0,1
2,0.402758,1000,47.54,0,1
3,0.402758,1000,47.53,0,1
0,0.770881,1000,63.37,0.243902,0
0,1.64565,2000,64.01,0.21777,0
0,2.84909,3000,74.54,0.193949,0
0,4.66421,4000,94.57,0.190404,1
1,0.402758,1000,47.48,0,1
2,0.402758,1000,47.54,0,1
3,0.402758,1000,47.53,0,1
0,0.769243,1000,63.4,0.242483,0
0,1.6406,2000,63.94,0.21645,0
0,2.81932,3000,74.19,0.191132,0
0,4.63563,4000,94.12,0.188679,1
1,0.402758,1000,47.48,0,1
2,0.402758,1000,47.54,0,1
3,0.402758,1000,47.53,0,1
0,0.768114,1000,63.26,0.241546,0
0,1.63197,2000,63.78,0.214408,0
0,2.83196,3000,74.28,0.192308,0
0,4.6219,4000,93.95,0.187829,1
1,0.402758,1000,47.48,0,1
2,0.402758,1000,47.54,0,1
3,0.402758,1000,47.53,0,1
0,0.76562,1000,63.18,0.239693,0
0,1.63779,2000,63.83,0.215889,0
0,2.83812,3000,74.35,0.192901,0
0,4.6443,4000,94.23,0.188964,1
1,0.402758,1000,47.48,0,1
2,0.402758,1000,47.54,0,1
3,0.402758,1000,47.53,0,1
0,0.770225,1000,63.31,0.242954,0
0,1.63714,2000,63.87,0.215889,0
0,2.83548,3000,74.33,0.192604,0
0,4.59408,4000,93.61,0.18615,1
1,0.402758,1000,47.48,0,1
2,0.402758,1000,47.54,0,1
3,0.402758,1000,47.53,0,1
0,0.768796,1000,63.12,0.24108,0
0,1.6307,2000,63.7,0.213858,0
0,2.81706,3000,74.06,0.190694,0
0,4.59888,4000,93.51,0.186012,1
1,0.402758,1000,47.48,0,1
2,0.402758,1000,47.54,0,1
3,0.402758,1000,47.53,0,1
0,0.768175,1000,63.09,0.24108,0
0,1.61508,2000,63.5,0.210438,0
0,2.80431,3000,73.84,0.189251,0
0,4.56952,4000,93.14,0.184502,1
1,0.402758,1000,47.48,0,1
2,0.402758,1000,47.54,0,1
3,0.402758,1000,47.53,0,1
0,0.76494,1000,62.96,0.239234,0
0,1.63281,2000,63.68,0.214592,0
0,2.81231,3000,73.96,0.18997,0
0,4.53952,4000,92.84,0.183016,1
1,0.402758,1000,47.48,0,1
2,0.402758,1000,47.54,0,1
3,0.402758,1000,47.53,0,1
0,0.766389,1000,62.9,0.239923,0
0,1.61923,2000,63.48,0.211327,0
0,2.78344,3000,73.58,0.187266,0
0,4.55268,4000,92.89,0.183688,1
1,0.402758,1000,47.48,0,1
2,0.402758,1000,47.54,0,1
3,0.402758,1000,47.53,0,1
0,0.76293,1000,62.85,0.237643,0
0,1.60896,2000,63.33,0.20903,0
0,2.78342,3000,73.49,0.186846,0
0,4.50476,4000,92.29,0.181028,1
1,0.402758,1000,47.48,0,1
2,0.402758,1000,47.54,0,1
3,0.402758,1000,47.53,0,1
0,0.762846,1000,62.7,0.237643,0
0,1.61451,2000,63.36,0.210615,0
0,2.80448,3000,73.73,0.188964,0
0,4.54298,4000,92.77,0.183016,1
1,0.402758,1000,47.48,0,1
2,0.402758,1000,47.54,0,1
3,0.402758,1000,47.53,0,1
0,0.76543,1000,62.84,0.238777,0
0,1.62697,2000,63.54,0.212947,0
0,2.7831,3000,73.51,0.186567,0
0,4.48594,4000,92.03,0.179727,1
1,0.402758,1000,47.48,0,1
2,0.402758,1000,47.54,0,1
3,0.402758,1000,47.53,0,1
0,0.764041,1000,62.65,0.23855,0
0,1.61779,2000,63.37,0.21097,0
0,2.79355,3000,73.62,0.18797,0
0,4.47802,4000,91.94,0.179211,1
1,0.402758,1000,47.48,0,1
2,0.402758,1000,47.54,0,1
3,0.402758,1000,47.53,0,1
0,0.765649,1000,62.63,0.238777,0
0,1.61534,2000,63.32,0.210438,0
0,2.77911,3000,73.42,0.186428,0
0,4.49728,4000,92.06,0.180115,1
1,0.402758,1000,47.48,0,1
2,0.402758,1000,47.54,0,1
3,0.402758,1000,47.53,0,1
0,0.766406,1000,62.66,0.239234,0
0,1.61986,2000,63.38,0.211327,0
0,2.77419,3000,73.39,0.186012,0
0,4.50358,4000,92.15,0.180505,1
1,0.402758,1000,47.48,0,1
2,0.402758,1000,47.54,0,1
3,0.402758,1000,47.53,0,1
0,0.764504,1000,62.66,0.237643,0
0,1.61058,2000,63.28,0.20938,0
0,2.77124,3000,73.33,0.185736,0
0,4.46532,4000,91.69,0.178317,1
1,0.402758,1000,47.48,0,1
2,0.402758,1000,47.54,0,1
3,0.402758,1000,47.53,0,1
0,0.766342,1000,62.57,0.239234,0
0,1.60474,2000,63.18,0.20816,0
0,2.76656,3000,73.24,0.185322,0
0,4.45022,4000,91.48,0.177557,1
1,0.402758,1000,47.48,0,1
2,0.402758,1000,47.54,0,1
3,0.402758,1000,47.53,0,1
0,0.762177,1000,62.46,0.236518,0
0,1.60232,2000,63.11,0.207641,0
0,2.7547,3000,73.05,0.183824,0
0,4.46766,4000,91.59,0.178317,1
1,0.402758,1000,47.48,0,1
2,0.402758,1000,47.54,0,1
3,0.402758,1000,47.53,0,1
0,0.761788,1000,62.47,0.235849,0
0,1.60282,2000,63.1,0.207469,0
0,2.74618,3000,72.96,0.18315,0
0,4.45549,4000,91.43,0.177683,1
1,0.402758,1000,47.48,0,1
2,0.402758,1000,47.54,0,1
3,0.402758,1000,47.53,0,1
0,0.766428,1000,62.5,0.239923,0
0,1.6001,2000,63.08,0.206954,0
0,2.74291,3000,72.91,0.182749,0
0,4.44592,4000,91.3,0.177054,1
1,0.402758,1000,47.48,0,1
2,0.402758,1000,47.54,0,1
3,0.402758,1000,47.53,0,1
0,0.761773,1000,62.41,0.236967,0
0,1.59896,2000,63.03,0.206612,0
0,2.73008,3000,72.75,0.181554,0
0,4.42939,4000,91.06,0.17618,1
1,0.402758,1000,47.48,0,1
2,0.402758,1000,47.54,0,1
3,0.402758,1000,47.53,0,1
0,0.762068,1000,62.34,0.236518,0
0,1.58992,2000,62.89,0.204583,0
0,2.72921,3000,72.67,0.181159,0
0,4.38959,4000,90.55,0.173974,1
1,0.402758,1000,47.48,0,1
2,0.402758,1000,47.54,0,1
3,0.402758,1000,47.53,0,1
0,0.764726,1000,62.22,0.237643,0
0,1.59407,2000,62.9,0.205592,0
0,2.73517,3000,72.73,0.181818,0
0,4.414,4000,90.82,0.17507,1
1,0.402758,1000,47.48,0,1
2,0.402758,1000,47.54,0,1
3,0.402758,1000,47.53,0,1
0,0.759016,1000,62.23,0.234302,0
0,1.58793,2000,62.81,0.203749,0
0,2.73655,3000,72.72,0.181818,0
0,4.44934,4000,91.28,0.177305,1
1,0.402758,1000,47.48,0,1
2,0.402758,1000,47.54,0,1
3,0.402758,1000,47.53,0,1
0,0.765679,1000,62.43,0.239006,0
0,1.60225,2000,63.04,0.206782,0
0,2.7481,3000,72.94,0.18315,0
0,4.42309,4000,91.04,0.175932,1
1,0.402758,1000,47.48,0,1
2,0.402758,1000,47.54,0,1
3,0.402758,1000,47.53,0,1
0,0.761501,1000,62.33,0.236072,0
0,1.60298,2000,63.04,0.207469,0
0,2.72898,3000,72.65,0.180766,0
0,4.42044,4000,90.87,0.175439,1
1,0.402758,1000,47.48,0,1
2,0.402758,1000,47.54,0,1
3,0.402758,1000,47.53,0,1
0,0.759927,1000,62.25,0.234742,0
0,1.59656,2000,62.92,0.205761,0
0,2.71277,3000,72.42,0.179083,0
0,4.36605,4000,90.15,0.172295,1
1,0.402758,1000,47.48,0,1
2,0.402758,1000,47.54,0,1
3,0.402758,1000,47.53,0,1
0,0.760208,1000,62.07,0.234962,0
0,1.59951,2000,62.9,0.206441,0
0,2.7284,3000,72.59,0.180766,0
0,4.37814,4000,90.39,0.17325,1
1,0.402758,1000,47.48,0,1
2,0.402758,1000,47.54,0,1
3,0.402758,1000,47.53,0,1
0,0.758095,1000,62.11,0.233645,0
0,1.59238,2000,62.81,0.20475,0
0,2.72462,3000,72.55,0.180505,0
0,4.39369,4000,90.51,0.173974,1
1,0.402758,1000,47.48,0,1
2,0.402758,1000,47.54,0,1
3,0.402758,1000,47.53,0,1
0,0.759553,1000,62.15,0.234522,0
0,1.59179,2000,62.83,0.20475,0
0,2.73684,3000,72.7,0.181686,0
0,4.38941,4000,90.48,0.173611,1
1,0.402758,1000,47.48,0,1
2,0.402758,1000,47.54,0,1
3,0.402758,1000,47.53,0,1
0,0.759512,1000,62.15,0.234742,0
0,1.59352,2000,62.86,0.205255,0
0,2.70973,3000,72.4,0.179083,0
0,4.37738,4000,90.26,0.172891,1
1,0.402758,1000,47.48,0,1
2,0.402758,1000,47.54,0,1
3,0.402758,1000,47.53,0,1
0,0.759579,1000,62.09,0.234742,0
0,1.58781,2000,62.77,0.204082,0
0,2.71685,3000,72.43,0.179598,0
0,4.41743,4000,90.82,0.175439,1
1,0.402758,1000,47.48,0,1
2,0.402758,1000,47.54,0,1
3,0.402758,1000,47.53,0,1
0,0.763216,1000,62.25,0.236295,0
0,1.59371,2000,62.9,0.205423,0
0,2.7115,3000,72.42,0.179083,0
0,4.35332,4000,90.01,0.171585,1
1,0.402758,1000,47.48,0,1
2,0.402758,1000,47.54,0,1
3,0.402758,1000,47.53,0,1
0,0.760042,1000,62.03,0.234962,0
0,1.57772,2000,62.59,0.201288,0
0,2.70775,3000,72.28,0.178699,0
0,4.35039,4000,89.9,0.17135,1
1,0.402758,1000,47.48,0,1
2,0.402758,1000,47.54,0,1
3,0.402758,1000,47.53,0,1
0,0.755002,1000,61.93,0.231267,0
0,1.58977,2000,62.73,0.204248,0
0,2.72085,3000,72.45,0.179986,0
0,4.34547,4000,89.9,0.171233,1
1,0.402758,1000,47.48,0,1
2,0.402758,1000,47.54,0,1
3,0.402758,1000,47.53,0,1
0,0.757023,1000,61.96,0.232775,0
0,1.57758,2000,62.58,0.20145,0
0,2.69569,3000,72.09,0.177179,0
0,4.3393,4000,89.73,0.170765,1
1,0.402758,1000,47.48,0,1
2,0.402758,1000,47.54,0,1
3,0.402758,1000,47.53,0,1
0,0.756951,1000,61.9,0.232558,0
0,1.57698,2000,62.56,0.201613,0
0,2.70317,3000,72.19,0.17819,0
0,4.32989,4000,89.58,0.170068,1
1,0.402758,1000,47.48,0,1
2,0.402758,1000,47.54,0,1
3,0.402758,1000,47.53,0,1
0,0.756642,1000,61.86,0.232342,0
0,1.58024,2000,62.57,0.202102,0
0,2.68877,3000,72.02,0.176678,0
0,4.35616,4000,89.88,0.171585,1
1,0.402758,1000,47.48,0,1
2,0.402758,1000,47.54,0,1
3,0.402758,1000,47.53,0,1
0,0.758506,1000,61.96,0.233645,0
0,1.59042,2000,62.74,0.204583,0
0,2.70029,3000,72.21,0.178063,0
0,4.33411,4000,89.73,0.170648,1
1,0.402758,1000,47.48,0,1
2,0.402758,1000,47.54,0,1
3,0.402758,1000,47.53,0,1
0,0.757292,1000,61.91,0.232992,0
0,1.58687,2000,62.66,0.203252,0
0,2.6955,3000,72.15,0.177557,0
0,4.29377,4000,89.22,0.16835,1
1,0.402758,1000,47.48,0,1
2,0.402758,1000,47.54,0,1
3,0.402758,1000,47.53,0,1
0,0.754623,1000,61.75,0.231054,0
0,1.58127,2000,62.56,0.202593,0
0,2.69803,3000,72.1,0.177557,0
0,4.3439,4000,89.76,0.170999,1
1,0.402758,1000,47.48,0,1
2,0.402758,1000,47.54,0,1
3,0.402758,1000,47.53,0,1
0,0.754993,1000,61.88,0.231267,0
0,1.57275,2000,62.51,0.200642,0
0,2.69492,3000,72.04,0.177054,0
0,4.37048,4000,90.11,0.172652,1
1,0.402758,1000,47.48,0,1
2,0.402758,1000,47.54,0,1
3,0.402758,1000,47.53,0,1
0,0.755829,1000,61.98,0.231911,0
0,1.57858,2000,62.6,0.201776,0
0,2.71258,3000,72.34,0.17934,0
0,4.32741,4000,89.62,0.169952,1
1,0.402758,1000,47.48,0,1
2,0.402758,1000,47.54,0,1
3,0.402758,1000,47.53,0,1
0,0.756001,1000,61.87,0.231911,0
0,1.57075,2000,62.46,0.19984,0
0,2.68201,3000,71.92,0.176056,0
0,4.30135,4000,89.16,0.16835,1
1,0.402758,1000,47.48,0,1
2,0.402758,1000,47.54,0,1
3,0.402758,1000,47.53,0,1
0,0.755468,1000,61.74,0.231696,0
0,1.58197,2000,62.55,0.202593,0
0,2.68439,3000,71.96,0.176305,0
0,4.31418,4000,89.38,0.169377,1
1,0.402758,1000,47.48,0,1
2,0.402758,1000,47.54,0,1
3,0.402758,1000,47.53,0,1
0,0.753474,1000,61.76,0.230203,0
0,1.57221,2000,62.42,0.19984,0
0,2.70291,3000,72.14,0.178063,0
0,4.31625,4000,89.42,0.169377,1
1,0.402758,1000,47.48,0,1
2,0.402758,1000,47.54,0,1
3,0.402758,1000,47.53,0,1
0,0.755193,1000,61.79,0.23084,0
0,1.57169,2000,62.43,0.2,0
0,2.68121,3000,71.82,0.175439,0
0,4.28823,4000,89.07,0.168011,1
1,0.402758,1000,47.48,0,1
2,0.402758,1000,47.54,0,1
3,0.402758,1000,47.53,0,1
0,0.753431,1000,61.68,0.229991,0
0,1.57872,2000,62.49,0.201776,0
0,2.67695,3000,71.85,0.175562,0
0,4.30338,4000,89.16,0.168464,1
1,0.402758,1000,47.48,0,1
2,0.402758,1000,47.54,0,1
3,0.402758,1000,47.53,0,1
0,0.750174,1000,61.67,0.228102,0
0,1.57499,2000,62.45,0.200965,0
0,2.68959,3000,71.97,0.176678,0
0,4.31808,4000,89.36,0.169262,1
1,0.402758,1000,47.48,0,1
2,0.402758,1000,47.54,0,1
3,0.402758,1000,47.53,0,1
0,0.753781,1000,61.76,0.230415,0
0,1.56542,2000,62.35,0.198728,0
0,2.70099,3000,72.09,0.177809,0
0,4.29226,4000,89.15,0.168124,1
1,0.402758,1000,47.48,0,1
2,0.402758,1000,47.54,0,1
3,0.402758,1000,47.53,0,1
0,0.754108,1000,61.72,0.230627,0
0,1.5561,2000,62.21,0.196386,0
0,2.66923,3000,71.68,0.174703,0
0,4.29864,4000,89.11,0.168464,1
1,0.402758,1000,47.48,0,1
2,0.402758,1000,47.54,0,1
3,0.402758,1000,47.53,0,1
0,0.75526,1000,61.71,0.231481,0
0,1.57308,2000,62.42,0.200321,0
0,2.66818,3000,71.68,0.174216,0
0,4.29725,4000,89.07,0.168237,1
1,0.402758,1000,47.48,0,1
2,0.402758,1000,47.54,0,1
3,0.402758,1000,47.53,0,1
0,0.749073,1000,61.62,0.227273,0
0,1.57111,2000,62.39,0.200321,0
0,2.67886,3000,71.85,0.175809,0
0,4.30443,4000,89.15,0.168464,1
1,0.402758,1000,47.48,0,1
2,0.402758,1000,47.54,0,1
3,0.402758,1000,47.53,0,1
0,0.755279,1000,61.72,0.231481,0
0,1.57429,2000,62.46,0.200965,0
0,2.6706,3000,71.76,0.174825,0
0,4.28895,4000,88.96,0.167673,1
1,0.402758,1000,47.48,0,1
2,0.402758,1000,47.54,0,1
3,0.402758,1000,47.53,0,1
0,0.754255,1000,61.66,0.230627,0
0,1.57221,2000,62.41,0.200481,0
0,2.66973,3000,71.73,0.174825,0
0,4.3043,4000,89.18,0.168691,1
1,0.402758,1000,47.48,0,1
2,0.402758,1000,47.54,0,1
3,0.402758,1000,47.53,0,1
0,0.754773,1000,61.71,0.23084,0
0,1.57151,2000,62.37,0.199521,0
0,2.69996,3000,72.08,0.177809,0
0,4.26702,4000,88.82,0.166667,1
1,0.402758,1000,47.48,0,1
2,0.402758,1000,47.54,0,1
3,0.402758,1000,47.53,0,1
0,0.7509,1000,61.59,0.228102,0
0,1.5632,2000,62.27,0.198255,0
0,2.6755,3000,71.7,0.174825,0
0,4.28754,4000,89,0.167898,1
1,0.402758,1000,47.48,0,1
2,0.402758,1000,47.54,0,1
3,0.402758,1000,47.53,0,1
0,0.752022,1000,61.64,0.229358,0
0,1.56003,2000,62.25,0.197628,0
0,2.67274,3000,71.72,0.17507,0
0,4.31877,4000,89.31,0.169377,1
1,0.402758,1000,47.48,0,1
2,0.402758,1000,47.54,0,1
3,0.402758,1000,47.53,0,1
0,0.750949,1000,61.7,0.228728,0
0,1.55902,2000,62.26,0.197472,0
0,2.67144,3000,71.71,0.174825,0
0,4.30514,4000,89.2,0.168919,1
1,0.402758,1000,47.48,0,1
2,0.402758,1000,47.54,0,1
3,0.402758,1000,47.53,0,1
0,0.754663,1000,61.69,0.229568,0
0,1.56725,2000,62.35,0.199362,0
0,2.66942,3000,71.69,0.174581,0
0,4.29558,4000,89.08,0.168237,1
1,0.402758,1000,47.48,0,1
2,0.402758,1000,47.54,0,1
3,0.402758,1000,47.53,0,1
0,0.754345,1000,61.69,0.230627,0
0,1.56735,2000,62.32,0.19857,0
0,2.67128,3000,71.71,0.174703,0
0,4.27838,4000,88.9,0.167448,1
1,0.402758,1000,47.48,0,1
2,0.402758,1000,47.54,0,1
3,0.402758,1000,47.53,0,1
0,0.751143,1000,61.61,0.228728,0
0,1.5703,2000,62.35,0.19984,0
0,2.64479,3000,71.36,0.171821,0
0,4.27197,4000,88.7,0.166889,1
1,0.402758,1000,47.48,0,1
2,0.402758,1000,47.54,0,1
3,0.402758,1000,47.53,0,1
0,0.752922,1000,61.57,0.230203,0
0,1.55709,2000,62.19,0.197161,0
0,2.67553,3000,71.71,0.175193,0
0,4.2529,4000,88.46,0.165344,1
1,0.402758,1000,47.48,0,1
2,0.402758,1000,47.54,0,1
3,0.402758,1000,47.53,0,1
0,0.754052,1000,61.52,0.230203,0
0,1.57302,2000,62.35,0.200321,0
0,2.66691,3000,71.65,0.174338,0
0,4.22791,4000,88.23,0.164366,1
1,0.402758,1000,47.48,0,1
2,0.402758,1000,47.54,0,1
3,0.402758,1000,47.53,0,1
0,0.753625,1000,61.44,0.229148,0
0,1.55654,2000,62.13,0.196696,0
0,2.67434,3000,71.68,0.17507,0
0,4.29551,4000,89.04,0.168124,1
1,0.402758,1000,47.48,0,1
2,0.402758,1000,47.54,0,1
3,0.402758,1000,47.53,0,1
0,0.752275,1000,61.64,0.229148,0
0,1.56602,2000,62.26,0.197941,0
0,2.66206,3000,71.57,0.173732,0
0,4.28194,4000,88.85,0.167448,1
1,0.402758,1000,47.48,0,1
2,0.402758,1000,47.54,0,1
3,0.402758,1000,47.53,0,1
0,0.753088,1000,61.61,0.229779,0
0,1.56647,2000,62.3,0.198886,0
0,2.65796,3000,71.48,0.172891,0
0,4.25289,4000,88.47,0.165673,1
1,0.402758,1000,47.48,0,1
2,0.402758,1000,47.54,0,1
3,0.402758,1000,47.53,0,1
0,0.752098,1000,61.5,0.229148,0
0,1.55535,2000,62.13,0.196541,0
0,2.65642,3000,71.47,0.17325,0
0,4.22181,4000,88.04,0.16372,1
1,0.402758,1000,47.48,0,1
2,0.402758,1000,47.54,0,1
3,0.402758,1000,47.53,0,1
0,0.754327,1000,61.42,0.23084,0
0,1.57067,2000,62.28,0.19984,0
0,2.68047,3000,71.81,0.175809,0
0,4.26433,4000,88.73,0.166556,1
1,0.402758,1000,47.48,0,1
2,0.402758,1000,47.54,0,1
3,0.402758,1000,47.53,0,1
0,0.752292,1000,61.55,0.228102,0
0,1.55492,2000,62.15,0.196386,0
0,2.66489,3000,71.58,0.174095,0
0,4.21966,4000,88.11,0.163827,1
1,0.402758,1000,47.48,0,1
2,0.402758,1000,47.54,0,1
3,0.402758,1000,47.53,0,1
0,0.755224,1000,61.45,0.231267,0
0,1.55451,2000,62.07,0.195925,0
0,2.6506,3000,71.38,0.172652,0
0,4.23667,4000,88.27,0.164908,1
1,0.402758,1000,47.48,0,1
2,0.402758,1000,47.54,0,1
3,0.402758,1000,47.53,0,1
0,0.749574,1000,61.41,0.22748,0
0,1.55262,2000,62.08,0.196078,0
0,2.6279,3000,71.1,0.170184,0
0,4.25452,4000,88.41,0.165892,1
1,0.402758,1000,47.48,0,1
2,0.402758,1000,47.54,0,1
3,0.402758,1000,47.53,0,1
0,0.754654,1000,61.49,0.230627,0
0,1.56058,2000,62.18,0.197628,0
0,2.6573,3000,71.5,0.173491,0
0,4.27162,4000,88.66,0.166556,1
1,0.402758,1000,47.48,0,1
2,0.402758,1000,47.54,0,1
3,0.402758,1000,47.53,0,1
0,0.751667,1000,61.53,0.228519,0
0,1.56097,2000,62.21,0.197785,0
0,2.6548,3000,71.49,0.17325,0
0,4.22898,4000,88.21,0.164474,1
1,0.402758,1000,47.48,0,1
2,0.402758,1000,47.54,0,1
3,0.402758,1000,47.53,0,1
0,0.75144,1000,61.4,0.227273,0
0,1.56725,2000,62.24,0.199045,0
0,2.66704,3000,71.6,0.174216,0
0,4.24171,4000,88.37,0.165125,1
1,0.402758,1000,47.48,0,1
2,0.402758,1000,47.54,0,1
3,0.402758,1000,47.53,0,1
0,0.749025,1000,61.43,0.22686,0
0,1.54271,2000,61.94,0.193349,0
0,2.64989,3000,71.35,0.172652,0
0,4.25023,4000,88.43,0.165673,1
1,0.402758,1000,47.48,0,1
2,0.402758,1000,47.54,0,1
3,0.402758,1000,47.53,0,1
0,0.752192,1000,61.48,0.229358,0
0,1.5555,2000,62.11,0.196386,0
0,2.62024,3000,70.99,0.169262,0
0,4.24963,4000,88.32,0.165563,1
1,0.402758,1000,47.48,0,1
2,0.402758,1000,47.54,0,1
3,0.402758,1000,47.53,0,1
0,0.750549,1000,61.43,0.228102,0
0,1.5565,2000,62.12,0.19685,0
0,2.62626,3000,71.11,0.170184,0
0,4.23808,4000,88.13,0.164582,1
1,0.402758,1000,47.48,0,1
2,0.402758,1000,47.54,0,1
3,0.402758,1000,47.53,0,1
0,0.747196,1000,61.34,0.22604,0
0,1.56426,2000,62.18,0.198413,0
0,2.65928,3000,71.5,0.173491,0
0,4.23421,4000,88.25,0.16469,1
1,0.402758,1000,47.48,0,1
2,0.402758,1000,47.54,0,1
3,0.402758,1000,47.53,0,1
0,0.752638,1000,61.42,0.228102,0
0,1.562,2000,62.17,0.197785,0
0,2.66204,3000,71.54,0.173853,0
0,4.25294,4000,88.45,0.165563,1
1,0.402758,1000,47.48,0,1
2,0.402758,1000,47.54,0,1
3,0.402758,1000,47.53,0,1
0,0.753309,1000,61.5,0.229991,0
0,1.55947,2000,62.14,0.196696,0
0,2.6501,3000,71.39,0.172533,0
0,4.25363,4000,88.45,0.165673,1
1,0.402758,1000,47.48,0,1
2,0.402758,1000,47.54,0,1
3,0.402758,1000,47.53,0,1
0,0.751047,1000,61.47,0.228519,0
0,1.55774,2000,62.15,0.197006,0
0,2.63765,3000,71.22,0.171116,0
0,4.24067,4000,88.27,0.165125,1
1,0.402758,1000,47.48,0,1
2,0.402758,1000,47.54,0,1
3,0.402758,1000,47.53,0,1
0,0.751991,1000,61.43,0.228938,0
0,1.56888,2000,62.26,0.199203,0
0,2.64525,3000,71.34,0.171939,0
0,4.21727,4000,87.93,0.163399,1
1,0.402758,1000,47.48,0,1
2,0.402758,1000,47.54,0,1
3,0.402758,1000,47.53,0,1
0,0.749335,1000,61.32,0.227273,0
0,1.54695,2000,61.96,0.194704,0
0,2.63314,3000,71.12,0.170765,0
0,4.22933,4000,88,0.164042,1
1,0.402758,1000,47.48,0,1
2,0.402758,1000,47.54,0,1
3,0.402758,1000,47.53,0,1
0,0.747307,1000,61.3,0.225632,0
0,1.55661,2000,62.06,0.196696,0
0,2.64166,3000,71.24,0.171585,0
0,4.27964,4000,88.7,0.167224,1
1,0.402758,1000,47.48,0,1
2,0.402758,1000,47.54,0,1
3,0.402758,1000,47.53,0,1
0,0.750327,1000,61.51,0.227687,0
0,1.55542,2000,62.09,0.195771,0
0,2.6395,3000,71.26,0.171585,0
0,4.22108,4000,88.01,0.163827,1
1,0.402758,1000,47.48,0,1
2,0.402758,1000,47.54,0,1
3,0.402758,1000,47.53,0,1
0,0.751863,1000,61.36,0.228938,0
0,1.55866,2000,62.12,0.197161,0
0,2.6272,3000,71.05,0.169722,0
0,4.24642,4000,88.29,0.165453,1
1,0.402758,1000,47.48,0,1
2,0.402758,1000,47.54,0,1
3,0.402758,1000,47.53,0,1
0,0.7493,1000,61.4,0.227273,0
0,1.56324,2000,62.18,0.198098,0
0,2.66168,3000,71.54,0.173732,0
0,4.21373,4000,87.95,0.163185,1
1,0.402758,1000,47.48,0,1
2,0.402758,1000,47.54,0,1
3,0.402758,1000,47.53,0,1
0,0.751502,1000,61.36,0.228938,0
0,1.56059,2000,62.15,0.197785,0
0,2.63571,3000,71.21,0.171116,0
0,4.19548,4000,87.65,0.162232,1
1,0.402758,1000,47.48,0,1
2,0.402758,1000,47.54,0,1
3,0.402758,1000,47.53,0,1
0,0.750335,1000,61.26,0.227894,0
0,1.54841,2000,61.96,0.19516,0
0,2.64046,3000,71.21,0.171585,0
0,4.2516,4000,88.36,0.165563,1
1,0.402758,1000,47.48,0,1
2,0.402758,1000,47.54,0,1
3,0.402758,1000,47.53,0,1
0,0.753658,1000,61.45,0.228938,0
0,1.55677,2000,62.13,0.197006,0
0,2.65707,3000,71.48,0.17337,0
0,4.22692,4000,88.17,0.164366,1
1,0.402758,1000,47.48,0,1
2,0.402758,1000,47.54,0,1
3,0.402758,1000,47.53,0,1
0,0.752495,1000,61.42,0.229358,0
0,1.55278,2000,62.03,0.195312,0
0,2.62905,3000,71.1,0.170416,0
0,4.22608,4000,88.04,0.16415,1
1,0.402758,1000,47.48,0,1
2,0.402758,1000,47.54,0,1
3,0.402758,1000,47.53,0,1
0,0.749504,1000,61.34,0.22748,0
0,1.55449,2000,62.06,0.196386,0
0,2.62827,3000,71.05,0.169952,0
0,4.25309,4000,88.36,0.165782,1
1,0.402758,1000,47.48,0,1
2,0.402758,1000,47.54,0,1
3,0.402758,1000,47.53,0,1
0,0.750835,1000,61.44,0.228519,0
0,1.55913,2000,62.15,0.197472,0
0,2.65411,3000,71.45,0.17313,0
0,4.2356,4000,88.19,0.164474,1
1,0.402758,1000,47.48,0,1
2,0.402758,1000,47.54,0,1
3,0.402758,1000,47.53,0,1
0,0.747794,1000,61.37,0.226244,0
0,1.55637,2000,62.1,0.196696,0
0,2.64492,3000,71.31,0.172058,0
0,4.22121,4000,88.04,0.163934,1
1,0.402758,1000,47.48,0,1
2,0.402758,1000,47.54,0,1
3,0.402758,1000,47.53,0,1
0,0.750255,1000,61.33,0.226655,0
0,1.55178,2000,62.02,0.195618,0
0,2.65238,3000,71.37,0.172771,0
0,4.25471,4000,88.42,0.165673,1
1,0.402758,1000,47.48,0,1
2,0.402758,1000,47.54,0,1
3,0.402758,1000,47.53,0,1
0,0.750781,1000,61.45,0.228102,0
0,1.55171,2000,62.03,0.195008,0
0,2.6373,3000,71.21,0.17135,0
0,4.2402,4000,88.25,0.165017,1
1,0.402758,1000,47.48,0,1
2,0.402758,1000,47.54,0,1
3,0.402758,1000,47.53,0,1
0,0.751186,1000,61.41,0.22831,0
0,1.55539,2000,62.09,0.196386,0
0,2.63087,3000,71.08,0.170068,0
0,4.23934,4000,88.2,0.164908,1
1,0.402758,1000,47.48,0,1
2,0.402758,1000,47.54,0,1
3,0.402758,1000,47.53,0,1
0,0.749243,1000,61.37,0.227066,0
0,1.5583,2000,62.11,0.197006,0
0,2.64691,3000,71.32,0.172058,0
0,4.16213,4000,87.24,0.160154,1
1,0.402758,1000,47.48,0,1
2,0.402758,1000,47.54,0,1
3,0.402758,1000,47.53,0,1
0,0.748632,1000,61.13,0.226449,0
0,1.55465,2000,61.98,0.196078,0
0,2.65497,3000,71.37,0.172891,0
0,4.21321,4000,87.92,0.163399,1
1,0.402758,1000,47.48,0,1
2,0.402758,1000,47.54,0,1
3,0.402758,1000,47.53,0,1
0,0.7485,1000,61.27,0.225023,0
0,1.55307,2000,62.02,0.195925,0
0,2.63422,3000,71.16,0.170999,0
0,4.23989,4000,88.21,0.164908,1
1,0.402758,1000,47.48,0,1
2,0.402758,1000,47.54,0,1
3,0.402758,1000,47.53,0,1
0,0.750797,1000,61.4,0.22831,0
0,1.55049,2000,61.98,0.194553,0
0,2.63155,3000,71.1,0.170532,0
0,4.21967,4000,87.95,0.163827,1
1,0.402758,1000,47.48,0,1
2,0.402758,1000,47.54,0,1
3,0.402758,1000,47.53,0,1
0,0.753864,1000,61.37,0.230203,0
0,1.55835,2000,62.11,0.197006,0
0,2.63706,3000,71.16,0.170765,0
0,4.24683,4000,88.31,0.165344,1
1,0.402758,1000,47.48,0,1
2,0.402758,1000,47.54,0,1
3,0.402758,1000,47.53,0,1
0,0.751662,1000,61.43,0.228728,0
0,1.54325,2000,61.96,0.193949,0
0,2.64495,3000,71.27,0.171939,0
0,4.22462,4000,87.97,0.16372,1
1,0.402758,1000,47.48,0,1
2,0.402758,1000,47.54,0,1
3,0.402758,1000,47.53,0,1
0,0.749465,1000,61.33,0.22748,0
0,1.55335,2000,62.04,0.195925,0
0,2.6345,3000,71.16,0.170999,0
0,4.19719,4000,87.64,0.162232,1
1,0.402758,1000,47.48,0,1
2,0.402758,1000,47.54,0,1
3,0.402758,1000,47.53,0,1
0,0.747343,1000,61.21,0.225632,0
0,1.55452,2000,62.02,0.196386,0
0,2.65245,3000,71.35,0.172652,0
0,4.22328,4000,88.06,0.164042,1
1,0.402758,1000,47.48,0,1
2,0.402758,1000,47.54,0,1
3,0.402758,1000,47.53,0,1
0,0.75439,1000,61.41,0.230627,0
0,1.53925,2000,61.86,0.192308,0
0,2.64392,3000,71.22,0.171821,0
0,4.22611,4000,88.04,0.164042,1
1,0.402758,1000,47.48,0,1
2,0.402758,1000,47.54,0,1
3,0.402758,1000,47.53,0,1
0,0.747287,1000,61.31,0.225836,0
0,1.56423,2000,62.16,0.198413,0
0,2.63127,3000,71.11,0.170184,0
0,4.21383,4000,87.9,0.163506,1
1,0.402758,1000,47.48,0,1
2,0.402758,1000,47.54,0,1
3,0.402758,1000,47.53,0,1
0,0.747337,1000,61.28,0.225632,0
0,1.5479,2000,61.96,0.194704,0
0,2.63815,3000,71.15,0.170999,0
0,4.20763,4000,87.72,0.162655,1
1,0.402758,1000,47.48,0,1
2,0.402758,1000,47.54,0,1
3,0.402758,1000,47.53,0,1
0,0.74959,1000,61.25,0.227066,0
0,1.55317,2000,62.01,0.195925,0
0,1.78845,3000,61.11,0.0855286,0
1,0.467587,1000,47.49,0.127943,0
2,0.468072,1000,47.55,0.1288,0
0,0.938468,3000,50.67,0,0
1,1.31434,2000,53.55,0.218723,0
2,1.31327,2000,53.54,0.218531,0
0,0.751669,2400,49.82,0,0
1,2.83868,3000,70.21,0.192901,0
2,2.80985,3000,69.89,0.18997,0
0,0.613584,1900,49.02,0,1
1,4.9725,4000,95.96,0.207469,1
2,4.99433,4000,96.11,0.208507,1
3,0.402758,1000,47.54,0,1
0,0.402758,1000,47.86,0,0
1,0.89272,1000,64.46,0.324254,0
2,0.898132,1000,64.55,0.327654,0
0,0.402758,1000,47.64,0,0
1,1.86098,2000,66.41,0.264271,0
2,1.84539,2000,66.24,0.260688,0
0,0.402758,1000,47.58,0,0
1,3.19183,3000,78.95,0.228728,0
2,3.10057,3000,77.82,0.219491,0
0,0.402758,1000,47.55,0,1
1,5.40782,4000,104.35,0.232126,1
2,5.49447,4000,105.03,0.236742,1
3,0.402758,1000,47.56,0,1
0,0.402758,1000,47.54,0,0
1,0.918871,1000,67.57,0.34153,0
2,0.920554,1000,67.72,0.342466,0
0,0.402758,1000,47.54,0,0
1,1.96767,2000,69.04,0.287026,0
2,1.94968,2000,68.86,0.283126,0
0,0.402758,1000,47.54,0,1
1,3.24061,3000,80.6,0.233863,1
2,3.2515,3000,80.67,0.234962,1
3,0.402758,1000,47.56,0,1
0,0.402758,1000,47.54,0,0
1,0.936965,1000,61.88,0.353107,0
2,0.931602,1000,61.82,0.349162,0
0,0.402758,1000,47.53,0,0
1,1.95271,2000,66.84,0.284091,0
2,1.97208,2000,67.03,0.288018,0
0,0.402758,1000,47.53,0,1
1,3.31417,3000,80.5,0.241313,1
2,3.28012,3000,80.13,0.237869,1
3,0.402758,1000,47.56,0,1
0,0.402758,1000,47.53,0,0
1,0.931891,1000,61.56,0.35014,0
2,0.924921,1000,61.38,0.345304,0
0,0.402758,1000,47.53,0,0
1,1.97462,2000,66.91,0.288684,0
2,1.9633,2000,66.71,0.286041,0
0,0.402758,1000,47.53,0,1
1,3.32119,3000,80.54,0.242014,1
2,3.27013,3000,79.87,0.236742,1
3,0.402758,1000,47.56,0,1
0,0.402758,1000,47.53,0,0
1,0.931606,1000,61.54,0.34965,0
2,0.923116,1000,61.26,0.344353,0
0,0.402758,1000,47.53,0,0
1,1.95575,2000,66.69,0.284738,0
2,1.95873,2000,66.61,0.285388,0
0,0.402758,1000,47.53,0,1
1,3.34434,3000,80.77,0.244379,1
2,3.38598,3000,81.17,0.248016,1
3,0.402758,1000,47.56,0,1
0,0.402758,1000,47.53,0,0
1,0.932771,1000,61.61,0.35014,0
2,0.919942,1000,61.54,0.342466,0
0,0.402758,1000,47.53,0,0
1,1.96991,2000,66.88,0.287687,0
2,1.97405,2000,66.89,0.288351,0
0,0.402758,1000,47.53,0,1
1,3.30854,3000,80.41,0.240616,1
2,3.29472,3000,80.23,0.239464,1
3,0.402758,1000,47.56,0,1
0,0.402758,1000,47.53,0,0
1,0.932506,1000,61.53,0.350631,0
2,0.927396,1000,61.41,0.346741,0
0,0.402758,1000,47.53,0,0
1,1.95851,2000,66.72,0.285388,0
2,1.95822,2000,66.66,0.285063,0
0,0.402758,1000,47.53,0,1
1,3.36673,3000,81.01,0.246305,1
2,3.30313,3000,80.25,0.240154,1
3,0.402758,1000,47.56,0,1
0,0.402758,1000,47.53,0,0
1,0.898437,1000,61.27,0.327654,0
2,0.935713,1000,61.5,0.352113,0
0,0.402758,1000,47.53,0,0
1,1.961,2000,66.7,0.286041,0
2,1.95748,2000,66.67,0.285063,0
0,0.402758,1000,47.53,0,1
1,3.30249,3000,80.29,0.240154,1
2,3.32296,3000,80.49,0.242014,1
3,0.402758,1000,47.56,0,1
0,0.402758,1000,47.53,0,0
1,0.936813,1000,61.55,0.353107,0
2,0.929462,1000,61.49,0.348189,0
0,0.402758,1000,47.53,0,0
1,1.97341,2000,66.89,0.288351,0
2,1.96282,2000,66.75,0.286369,0
0,0.402758,1000,47.53,0,1
1,3.3077,3000,80.4,0.240616,1
2,3.31062,3000,80.38,0.240848,1
3,0.402758,1000,47.56,0,1
0,0.402758,1000,47.53,0,0
1,0.932787,1000,61.54,0.350631,0
2,0.928635,1000,61.46,0.347705,0
0,0.402758,1000,47.53,0,0
1,1.93679,2000,66.49,0.280899,0
2,1.97098,2000,66.83,0.288018,0
0,0.402758,1000,47.53,0,1
1,3.32565,3000,80.51,0.242248,1
2,3.3025,3000,80.32,0.240154,1
3,0.402758,1000,47.56,0,1
0,0.402758,1000,47.53,0,0
1,0.933038,1000,61.56,0.350631,0
2,0.923659,1000,61.4,0.344828,0
0,0.402758,1000,47.53,0,0
1,1.95241,2000,66.66,0.284091,0
2,1.95578,2000,66.65,0.284738,0
0,0.402758,1000,47.53,0,1
1,3.2967,3000,80.23,0.239464,1
2,3.28832,3000,80.1,0.238777,1
3,0.402758,1000,47.56,0,1
0,0.402758,1000,47.53,0,0
1,0.937767,1000,61.56,0.353607,0
2,0.925572,1000,61.36,0.34626,0
0,0.402758,1000,47.53,0,0
1,1.98937,2000,67.09,0.291715,0
2,1.95103,2000,66.57,0.283768,0
0,0.402758,1000,47.53,0,1
1,3.32685,3000,80.68,0.242483,1
2,3.31749,3000,80.41,0.241546,1
3,0.402758,1000,47.56,0,1
0,0.402758,1000,47.53,0,0
1,0.940002,1000,61.71,0.355114,0
2,0.931202,1000,61.49,0.349162,0
0,0.402758,1000,47.53,0,0
1,1.86298,2000,65.64,0.26455,0
2,1.96049,2000,66.72,0.285714,0
0,0.402758,1000,47.53,0,1
1,3.34447,3000,80.54,0.244379,1
2,3.3511,3000,80.84,0.244858,1
3,0.402758,1000,47.56,0,1
0,0.402758,1000,47.53,0,0
1,0.936195,1000,61.59,0.352609,0
2,0.930424,1000,61.6,0.349162,0
0,0.402758,1000,47.53,0,0
1,1.96545,2000,66.83,0.287026,0
2,1.97715,2000,66.95,0.289017,0
0,0.402758,1000,47.53,0,1
1,3.32676,3000,80.62,0.242483,1
2,3.32114,3000,80.57,0.242014,1
3,0.402758,1000,47.56,0,1
0,0.402758,1000,47.53,0,0
1,0.926844,1000,61.54,0.346741,0
2,0.912966,1000,61.34,0.337382,0
0,0.402758,1000,47.53,0,0
1,1.9656,2000,66.82,0.287026,0
2,1.97548,2000,66.87,0.289017,0
0,0.402758,1000,47.53,0,1
1,3.36926,3000,81.11,0.246792,1
2,3.33252,3000,80.66,0.242954,1
3,0.402758,1000,47.56,0,1
0,0.402758,1000,47.53,0,0
1,0.9355,1000,61.75,0.352113,0
2,0.929479,1000,61.56,0.348675,0
0,0.402758,1000,47.53,0,0
1,2.00803,2000,67.37,0.295508,0
2,1.9422,2000,66.55,0.281849,0
0,0.402758,1000,47.53,0,1
1,3.13085,3000,78.43,0.222618,1
2,3.31552,3000,80.41,0.241546,1
3,0.402758,1000,47.56,0,1
0,0.402758,1000,47.53,0,0
1,0.934581,1000,61.09,0.351617,0
2,0.925951,1000,61.45,0.34626,0
0,0.402758,1000,47.53,0,0
1,1.97217,2000,66.73,0.288018,0
2,1.96945,2000,66.82,0.287687,0
0,0.402758,1000,47.53,0,1
1,3.3649,3000,81.01,0.246305,1
2,3.33273,3000,80.66,0.243191,1
3,0.402758,1000,47.56,0,1
0,0.402758,1000,47.53,0,0
1,0.941534,1000,61.77,0.356125,0
2,0.931834,1000,61.58,0.35014,0
0,0.402758,1000,47.53,0,0
1,1.86664,2000,65.71,0.265675,0
2,1.9743,2000,66.92,0.288684,0
0,0.402758,1000,47.53,0,1
1,3.30349,3000,80.1,0.240385,1
2,3.30613,3000,80.4,0.240616,1
3,0.402758,1000,47.56,0,1
0,0.402758,1000,47.53,0,0
1,0.933518,1000,61.45,0.351124,0
2,0.929771,1000,61.5,0.348675,0
0,0.402758,1000,47.53,0,0
1,1.97088,2000,66.85,0.288351,0
2,1.97109,2000,66.85,0.288018,0
0,0.402758,1000,47.53,0,1
1,3.3397,3000,80.78,0.243902,1
2,3.34854,3000,80.85,0.244618,1
3,0.402758,1000,47.56,0,1
0,0.402758,1000,47.53,0,0
1,0.938208,1000,61.69,0.354108,0
2,0.938681,1000,61.7,0.354108,0
0,0.402758,1000,47.53,0,0
1,1.9651,2000,66.85,0.286697,0
2,1.92783,2000,66.4,0.278707,0
0,0.402758,1000,47.53,0,1
1,3.32956,3000,80.66,0.242718,1
2,3.29135,3000,80.11,0.239234,1
3,0.402758,1000,47.56,0,1
0,0.402758,1000,47.53,0,0
1,0.934281,1000,61.64,0.351617,0
2,0.930018,1000,61.42,0.349162,0
0,0.402758,1000,47.53,0,0
1,1.97411,2000,66.96,0.288684,0
2,1.97422,2000,66.86,0.288684,0
0,0.402758,1000,47.53,0,1
1,3.32336,3000,80.62,0.242248,1
2,3.30607,3000,80.36,0.240616,1
3,0.402758,1000,47.56,0,1
0,0.402758,1000,47.53,0,0
1,0.900567,1000,61.21,0.328515,0
2,0.931788,1000,61.5,0.34965,0
0,0.402758,1000,47.53,0,0
1,1.96633,2000,66.75,0.287026,0
2,1.97596,2000,66.9,0.289017,0
0,0.402758,1000,47.53,0,1
1,3.34344,3000,80.79,0.244141,1
2,3.29259,3000,80.22,0.239234,1
3,0.402758,1000,47.56,0,1
0,0.402758,1000,47.53,0,0
1,0.933943,1000,61.65,0.351124,0
2,0.92968,1000,61.45,0.348675,0
0,0.402758,1000,47.53,0,0
1,1.97145,2000,66.93,0.288351,0
2,1.93893,2000,66.48,0.281532,0
0,0.402758,1000,47.53,0,1
1,3.09071,3000,77.85,0.218723,1
2,3.29515,3000,80.14,0.239464,1
3,0.402758,1000,47.56,0,1
0,0.402758,1000,47.53,0,0
1,0.934983,1000,60.95,0.352113,0
2,0.927577,1000,61.4,0.347222,0
0,0.402758,1000,47.53,0,0
1,1.98536,2000,66.83,0.291036,0
2,1.9751,2000,66.86,0.288684,0
0,0.402758,1000,47.53,0,1
1,3.3253,3000,80.55,0.242483,1
2,3.28673,3000,80.14,0.23855,1
3,0.402758,1000,47.56,0,1
0,0.402758,1000,47.53,0,0
1,0.934258,1000,61.58,0.351617,0
2,0.925953,1000,61.38,0.34626,0
0,0.402758,1000,47.53,0,0
1,1.92436,2000,66.34,0.278087,0
2,1.9847,2000,66.96,0.290698,0
0,0.402758,1000,47.53,0,1
1,3.35534,3000,80.83,0.24558,1
2,3.3321,3000,80.68,0.242954,1
3,0.402758,1000,47.56,0,1
0,0.402758,1000,47.53,0,0
1,0.937734,1000,61.69,0.353607,0
2,0.936104,1000,61.63,0.352609,0
0,0.402758,1000,47.53,0,0
1,2.00033,2000,67.26,0.294118,0
2,1.97307,2000,66.92,0.288351,0
0,0.402758,1000,47.53,0,1
1,3.34834,3000,80.99,0.244858,1
2,3.34033,3000,80.76,0.243665,1
3,0.402758,1000,47.56,0,1
0,0.402758,1000,47.53,0,0
1,0.945358,1000,61.85,0.35868,0
2,0.930657,1000,61.6,0.349162,0
0,0.402758,1000,47.53,0,0
1,1.9213,2000,66.4,0.277469,0
2,1.96269,2000,66.8,0.286369,0
0,0.402758,1000,47.53,0,1
1,3.29983,3000,80.22,0.239923,1
2,3.34438,3000,80.8,0.244141,1
3,0.402758,1000,47.56,0,1
0,0.402758,1000,47.53,0,0
1,0.92927,1000,61.46,0.348675,0
2,0.934916,1000,61.65,0.351617,0
0,0.402758,1000,47.53,0,0
1,1.97506,2000,66.9,0.289017,0
2,1.96526,2000,66.84,0.286697,0
0,0.402758,1000,47.53,0,1
1,3.3132,3000,80.47,0.241313,1
2,3.33588,3000,80.71,0.243427,1
3,0.402758,1000,47.56,0,1
0,0.402758,1000,47.53,0,0
1,0.926998,1000,61.5,0.347222,0
2,0.879219,1000,60.97,0.315259,0
0,0.402758,1000,47.53,0,0
1,1.96285,2000,66.78,0.286369,0
2,1.95843,2000,66.59,0.285388,0
0,0.402758,1000,47.53,0,1
1,3.32467,3000,80.58,0.242248,1
2,3.28916,3000,80.11,0.239006,1
3,0.402758,1000,47.56,0,1
0,0.402758,1000,47.53,0,0
1,0.933784,1000,61.6,0.351124,0
2,0.921825,1000,61.32,0.343879,0
0,0.402758,1000,47.53,0,0
1,1.98175,2000,67.02,0.29036,0
2,1.96178,2000,66.69,0.286041,0
0,0.402758,1000,47.53,0,1
1,3.11506,3000,78.16,0.221239,1
2,3.30566,3000,80.3,0.240385,1
3,0.402758,1000,47.56,0,1
0,0.402758,1000,47.53,0,0
1,0.926585,1000,60.93,0.346741,0
2,0.929513,1000,61.45,0.348189,0
0,0.402758,1000,47.53,0,0
1,1.94871,2000,66.42,0.283447,0
2,1.96876,2000,66.81,0.287687,0
0,0.402758,1000,47.53,0,1
1,3.33011,3000,80.51,0.242954,1
2,3.2992,3000,80.28,0.239923,1
3,0.402758,1000,47.56,0,1
0,0.402758,1000,47.53,0,0
1,0.934309,1000,61.56,0.351617,0
2,0.927243,1000,61.43,0.347222,0
0,0.402758,1000,47.53,0,0
1,1.9689,2000,66.84,0.287356,0
2,1.96175,2000,66.72,0.286041,0
0,0.402758,1000,47.53,0,1
1,3.3279,3000,80.62,0.242718,1
2,3.30222,3000,80.28,0.240154,1
3,0.402758,1000,47.56,0,1
0,0.402758,1000,47.53,0,0
1,0.936987,1000,61.64,0.353107,0
2,0.932948,1000,61.49,0.350631,0
0,0.402758,1000,47.53,0,0
1,1.95618,2000,66.73,0.284738,0
2,1.96631,2000,66.78,0.287026,0
0,0.402758,1000,47.53,0,1
1,3.31527,3000,80.47,0.241546,1
2,3.29757,3000,80.26,0.239693,1
3,0.402758,1000,47.56,0,1
0,0.402758,1000,47.53,0,0
1,0.931836,1000,61.55,0.34965,0
2,0.92237,1000,61.37,0.343879,0
0,0.402758,1000,47.53,0,0
1,1.91151,2000,66.17,0.275028,0
2,1.96882,2000,66.78,0.287356,0
0,0.402758,1000,47.53,0,1
1,3.2806,3000,79.91,0.237869,1
2,3.29327,3000,80.2,0.239234,1
3,0.402758,1000,47.56,0,1
0,0.402758,1000,47.53,0,0
1,0.936727,1000,61.45,0.353107,0
2,0.925423,1000,61.39,0.345781,0
0,0.402758,1000,47.53,0,0
1,1.96583,2000,66.78,0.287026,0
2,1.95009,2000,66.58,0.283768,0
0,0.402758,1000,47.53,0,1
1,3.28178,3000,80.07,0.238095,1
2,3.31458,3000,80.39,0.241313,1
3,0.402758,1000,47.56,0,1
0,0.402758,1000,47.53,0,0
1,0.913175,1000,61.22,0.337838,0
2,0.932802,1000,61.51,0.350631,0
0,0.402758,1000,47.53,0,0
1,1.95509,2000,66.61,0.284738,0
2,1.95851,2000,66.7,0.285388,0
0,0.402758,1000,47.53,0,1
1,3.31607,3000,80.43,0.241546,1
2,3.30818,3000,80.35,0.240616,1
3,0.402758,1000,47.56,0,1
0,0.402758,1000,47.53,0,0
1,0.928519,1000,61.49,0.348189,0
2,0.925223,1000,61.42,0.345781,0
0,0.402758,1000,47.53,0,0
1,1.96745,2000,66.83,0.287356,0
2,1.95765,2000,66.68,0.285388,0
0,0.402758,1000,47.53,0,1
1,3.31119,3000,80.44,0.24108,1
2,3.29006,3000,80.13,0.239006,1
3,0.402758,1000,47.56,0,1
0,0.402758,1000,47.53,0,0
1,0.929625,1000,61.51,0.348675,0
2,0.923673,1000,61.35,0.344828,0
0,0.402758,1000,47.53,0,0
1,1.97187,2000,66.89,0.288351,0
2,1.95729,2000,66.65,0.285388,0
0,0.402758,1000,47.53,0,1
1,3.3501,3000,80.89,0.244858,1
2,3.3195,3000,80.46,0.242014,1
3,0.402758,1000,47.56,0,1
0,0.402758,1000,47.53,0,0
1,0.928778,1000,61.63,0.348189,0
2,0.929035,1000,61.49,0.348189,0
0,0.402758,1000,47.53,0,0
1,1.85594,2000,65.56,0.263435,0
2,1.9513,2000,66.62,0.284091,0
0,0.402758,1000,47.53,0,1
1,3.33643,3000,80.44,0.243665,1
2,3.31504,3000,80.42,0.241546,1
3,0.402758,1000,47.56,0,1
0,0.402758,1000,47.53,0,0
1,0.930208,1000,61.5,0.349162,0
2,0.926114,1000,61.45,0.34626,0
0,0.402758,1000,47.53,0,0
1,1.95255,2000,66.65,0.284414,0
2,1.97701,2000,66.9,0.289352,0
0,0.402758,1000,47.53,0,1
1,3.2954,3000,80.23,0.239693,1
2,3.30258,3000,80.34,0.240154,1
3,0.402758,1000,47.56,0,1
0,0.402758,1000,47.53,0,0
1,0.923323,1000,61.39,0.344828,0
2,0.921355,1000,61.38,0.343407,0
0,0.402758,1000,47.53,0,0
1,1.97088,2000,66.84,0.288018,0
2,1.91025,2000,66.11,0.275028,0
0,0.402758,1000,47.53,0,1
1,3.32508,3000,80.61,0.242483,1
2,3.32376,3000,80.38,0.242248,1
3,0.402758,1000,47.56,0,1
0,0.402758,1000,47.53,0,0
1,0.925671,1000,61.52,0.34626,0
2,0.92675,1000,61.43,0.346741,0
0,0.402758,1000,47.53,0,0
1,1.98748,2000,67.08,0.291375,0
2,1.94715,2000,66.55,0.283126,0
0,0.402758,1000,47.53,0,1
1,3.29083,3000,80.28,0.239006,1
2,3.28049,3000,80,0.238095,1
3,0.402758,1000,47.56,0,1
0,0.402758,1000,47.53,0,0
1,0.869753,1000,60.77,0.308642,0
2,0.929484,1000,61.38,0.348189,0
0,0.402758,1000,47.53,0,0
1,1.98282,2000,66.84,0.290698,0
2,1.97307,2000,66.83,0.288684,0
0,0.402758,1000,47.53,0,1
1,3.33076,3000,80.67,0.243191,1
2,3.31994,3000,80.52,0.242014,1
3,0.402758,1000,47.56,0,1
0,0.402758,1000,47.53,0,0
1,0.934466,1000,61.62,0.351617,0
2,0.92663,1000,61.48,0.346741,0
0,0.402758,1000,47.53,0,0
1,1.97054,2000,66.91,0.288018,0
2,1.95422,2000,66.66,0.284738,0
0,0.402758,1000,47.53,0,1
1,3.28155,3000,80.12,0.238095,1
2,3.32405,3000,80.53,0.242248,1
3,0.402758,1000,47.56,0,1
0,0.402758,1000,47.53,0,0
1,0.928887,1000,61.44,0.348189,0
2,0.927836,1000,61.5,0.347705,0
0,0.402758,1000,47.53,0,0
1,1.9905,2000,67.08,0.292056,0
2,1.96161,2000,66.76,0.286369,0
0,0.402758,1000,47.53,0,1
1,3.34252,3000,80.87,0.244141,1
2,3.31529,3000,80.45,0.241546,1
3,0.402758,1000,47.56,0,1
0,0.402758,1000,47.53,0,0
1,0.934907,1000,61.69,0.351617,0
2,0.935612,1000,61.57,0.352609,0
0,0.402758,1000,47.53,0,0
1,1.86569,2000,65.67,0.265111,0
2,1.96353,2000,66.79,0.286697,0
0,0.402758,1000,47.53,0,1
1,3.30315,3000,80.08,0.240385,1
2,3.29696,3000,80.24,0.239464,1
3,0.402758,1000,47.56,0,1
0,0.402758,1000,47.53,0,0
1,0.934622,1000,61.46,0.352113,0
2,0.922132,1000,61.37,0.343879,0
0,0.402758,1000,47.53,0,0
1,1.95615,2000,66.67,0.284738,0
2,1.96057,2000,66.7,0.285714,0
0,0.402758,1000,47.53,0,1
1,3.28526,3000,80.1,0.23855,1
2,3.28384,3000,80.07,0.238322,1
3,0.402758,1000,47.56,0,1
0,0.402758,1000,47.53,0,0
1,0.932944,1000,61.46,0.350631,0
2,0.925224,1000,61.35,0.345781,0
0,0.402758,1000,47.53,0,0
1,1.95455,2000,66.66,0.284738,0
2,1.95318,2000,66.6,0.284414,0
0,0.402758,1000,47.53,0,1
1,3.29054,3000,80.17,0.239234,1
2,3.33669,3000,80.64,0.243427,1
3,0.402758,1000,47.56,0,1
0,0.402758,1000,47.53,0,0
1,0.93056,1000,61.45,0.349162,0
2,0.92475,1000,61.48,0.345304,0
0,0.402758,1000,47.53,0,0
1,1.94785,2000,66.59,0.283447,0
2,1.95184,2000,66.63,0.284091,0
0,0.402758,1000,47.53,0,1
1,3.29132,3000,80.16,0.239234,1
2,3.33275,3000,80.62,0.243191,1
3,0.402758,1000,47.56,0,1
0,0.402758,1000,47.53,0,0
1,0.940254,1000,61.56,0.355619,0
2,0.86329,1000,60.74,0.304507,0
0,0.402758,1000,47.53,0,0
1,1.97078,2000,66.88,0.288018,0
2,1.94679,2000,66.39,0.282805,0
0,0.402758,1000,47.53,0,1
1,3.32496,3000,80.62,0.242483,1
2,3.3325,3000,80.53,0.243191,1
3,0.402758,1000,47.56,0,1
0,0.402758,1000,47.53,0,0
1,0.931036,1000,61.58,0.34965,0
2,0.928815,1000,61.49,0.348189,0
0,0.402758,1000,47.53,0,0
1,1.94656,2000,66.62,0.283126,0
2,1.96734,2000,66.8,0.287356,0
0,0.402758,1000,47.53,0,1
1,3.31989,3000,80.5,0.242014,1
2,3.29177,3000,80.17,0.239006,1
3,0.402758,1000,47.56,0,1
0,0.402758,1000,47.53,0,0
1,0.934694,1000,61.59,0.351617,0
2,0.925646,1000,61.38,0.34626,0
0,0.402758,1000,47.53,0,0
1,1.96158,2000,66.78,0.286041,0
2,1.97072,2000,66.81,0.288018,0
0,0.402758,1000,47.53,0,1
1,3.33576,3000,80.74,0.243665,1
2,3.29966,3000,80.28,0.239923,1
3,0.402758,1000,47.56,0,1
0,0.402758,1000,47.53,0,0
1,0.926423,1000,61.56,0.346741,0
2,0.923799,1000,61.39,0.344828,0
0,0.402758,1000,47.53,0,0
1,1.94719,2000,66.62,0.282805,0
2,1.96739,2000,66.78,0.287356,0
0,0.402758,1000,47.53,0,1
1,3.33425,3000,80.68,0.243427,1
2,3.28816,3000,80.16,0.239006,1
3,0.402758,1000,47.56,0,1
0,0.402758,1000,47.53,0,0
1,0.939876,1000,61.7,0.355114,0
2,0.926588,1000,61.39,0.346741,0
0,0.402758,1000,47.53,0,0
1,1.97127,2000,66.94,0.288351,0
2,1.94356,2000,66.5,0.282486,0
0,0.402758,1000,47.53,0,1
1,3.28788,3000,80.22,0.238777,1
2,3.3255,3000,80.5,0.242483,1
3,0.402758,1000,47.56,0,1
0,0.402758,1000,47.53,0,0
1,0.938357,1000,61.57,0.354108,0
2,0.931748,1000,61.53,0.35014,0
0,0.440594,1000,47.53,0.0501505,0
0,0.511163,1000,47.54,0.0719011,0
0,0.51292,1000,47.55,0.0730567,0
0,0.511025,1000,47.54,0.0717978,0
0,0.510888,1000,47.54,0.0717154,0
0,0.510282,1000,47.53,0.0713063,0
0,0.51024,1000,47.53,0.071286,0
0,0.508631,1000,47.53,0.070205,0
0,0.509034,1000,47.53,0.0704821,0
0,0.508173,1000,47.53,0.0699105,0
0,0.50757,1000,47.53,0.0695024,0
0,0.507561,1000,47.53,0.0695217,0
0,0.507655,1000,47.53,0.0695604,0
0,0.507521,1000,47.53,0.0694637,0
0,0.507551,1000,47.53,0.0695024,0
0,0.507595,1000,47.53,0.0695217,0
0,0.507962,1000,47.53,0.0697545,0
0,0.508029,1000,47.53,0.0698129,0
0,0.507489,1000,47.53,0.0694444,0
0,0.507029,1000,47.53,0.0691372,0
0,0.50743,1000,47.53,0.0694059,0
0,0.507601,1000,47.53,0.069541,0
0,0.507241,1000,47.53,0.0692905,0
0,0.506529,1000,47.53,0.0688137,0
0,0.507191,1000,47.53,0.0692521,0
0,0.507313,1000,47.53,0.0693289,0
0,0.507147,1000,47.53,0.0692329,0
0,0.50714,1000,47.53,0.0692137,0
0,0.506651,1000,47.53,0.0688895,0
0,0.506967,1000,47.53,0.0690989,0
0,0.506659,1000,47.53,0.0688895,0
0,0.506509,1000,47.53,0.0687947,0
0,0.506356,1000,47.53,0.0687002,0
0,0.507239,1000,47.53,0.0692905,0
0,0.506485,1000,47.53,0.0687758,0
0,0.506586,1000,47.53,0.0688705,0
0,0.506415,1000,47.53,0.068738,0
0,0.506007,1000,47.53,0.0684556,0
0,0.506215,1000,47.53,0.0686059,0
0,0.505773,1000,47.53,0.068306,0
0,0.50604,1000,47.53,0.0684932,0
0,0.506288,1000,47.53,0.0686436,0
0,0.506127,1000,47.53,0.0685495,0
0,0.505609,1000,47.53,0.0681942,0
0,0.505846,1000,47.53,0.068362,0
0,0.505935,1000,47.53,0.0684369,0
0,0.505432,1000,47.53,0.0680828,0
0,0.505555,1000,47.53,0.068157,0
0,0.505486,1000,47.53,0.0681199,0
0,0.50599,1000,47.53,0.0684556,0
0,0.505798,1000,47.53,0.0683247,0
0,0.506108,1000,47.53,0.0685307,0
0,0.505184,1000,47.53,0.0679163,0
0,0.50558,1000,47.53,0.0681756,0
0,0.504964,1000,47.53,0.0677874,0
0,0.505643,1000,47.53,0.0682128,0
0,0.504445,1000,47.53,0.0674218,0
0,0.505858,1000,47.53,0.0683807,0
0,0.505822,1000,47.53,0.0683434,0
0,0.505292,1000,47.53,0.0679717,0
0,0.505341,1000,47.53,0.0680272,0
0,0.50536,1000,47.53,0.0680272,0
0,0.505459,1000,47.53,0.0681013,0
0,0.504452,1000,47.53,0.06744,0
0,0.505432,1000,47.53,0.0680828,0
0,0.505094,1000,47.53,0.067861,0
0,0.505139,1000,47.53,0.0678794,0
0,0.505306,1000,47.53,0.0680087,0
0,0.505464,1000,47.53,0.0681013,0
0,0.505587,1000,47.53,0.0681942,0
0,0.504996,1000,47.53,0.0678058,0
0,0.505044,1000,47.53,0.0678242,0
0,0.505174,1000,47.53,0.0679163,0
0,0.505072,1000,47.53,0.0678426,0
0,0.505114,1000,47.53,0.067861,0
0,0.505302,1000,47.53,0.0679902,0
0,0.504762,1000,47.53,0.0676407,0
0,0.504793,1000,47.53,0.067659,0
0,0.504818,1000,47.53,0.0676773,0
0,0.504867,1000,47.53,0.067714,0
0,0.504626,1000,47.53,0.0675676,0
0,0.505148,1000,47.53,0.0679163,0
0,0.504535,1000,47.53,0.0674946,0
0,0.504909,1000,47.53,0.0677507,0
0,0.504777,1000,47.53,0.0676407,0
0,0.504842,1000,47.53,0.0676956,0
0,0.504786,1000,47.53,0.067659,0
0,0.504153,1000,47.53,0.0672224,0
0,0.504291,1000,47.53,0.0673129,0
0,0.504294,1000,47.53,0.0673129,0
0,0.504445,1000,47.53,0.06744,0
0,0.504714,1000,47.53,0.0676041,0
0,0.504643,1000,47.53,0.0675676,0
0,0.504835,1000,47.53,0.0676773,0
0,0.504494,1000,47.53,0.0674582,0
0,0.504529,1000,47.53,0.0674764,0
0,0.504811,1000,47.53,0.0676773,0
0,0.504345,1000,47.53,0.0673673,0
0,0.504154,1000,47.53,0.0672405,0
0,0.504271,1000,47.53,0.0673129,0
0,0.504638,1000,47.53,0.0675676,0
0,0.504713,1000,47.53,0.0676041,0
0,0.510497,1000,47.53,0.071449,0
0,0.517907,1000,47.53,0.0763825,0
0,0.517531,1000,47.53,0.0761499,0
0,0.515575,1000,47.53,0.0748279,0
0,0.515686,1000,47.53,0.0749176,0
0,0.515643,1000,47.53,0.0748727,0
0,0.514002,1000,47.53,0.0737898,0
0,0.514213,1000,47.53,0.0739426,0
0,0.513936,1000,47.53,0.0737463,0
0,0.513143,1000,47.53,0.0732279,0
0,0.512789,1000,47.53,0.0729714,0
0,0.512502,1000,47.53,0.0728014,0
0,0.512531,1000,47.53,0.0728226,0
0,0.511737,1000,47.53,0.0722752,0
0,0.511426,1000,47.53,0.0720877,0
0,0.511331,1000,47.53,0.0720046,0
0,0.510849,1000,47.53,0.0716949,0
0,0.711035,1000,49.32,0.191391,0
0,1.33413,2000,54.24,0.139888,0
0,1.70034,3000,56.43,0.0717593,0
0,1.70125,3000,57.18,0.072093,0
0,1.70737,3000,57.57,0.0725995,0
0,1.71273,3000,57.83,0.0732428,0
0,1.73264,3000,58.12,0.0747438,0
0,1.73223,3000,58.26,0.0749471,0
0,1.74272,3000,58.44,0.0759339,0
0,1.74263,3000,58.51,0.0759571,0
0,1.74223,3000,58.55,0.0760736,0
0,1.74939,3000,58.64,0.0766852,0
0,1.75581,3000,58.76,0.0774032,0
0,1.76873,3000,57.92,0.0702993,0
0,1.72532,3000,57.05,0.0648677,0
0,1.51694,3000,54.77,0.0474203,0
0,1.13362,2400,52.14,0.0473306,0
0,0.895754,1900,50.37,0.052665,0
0,0.894529,1900,49.81,0.0526648,0
0,0.927787,1900,49.91,0.0593824,0
0,0.960426,1900,50.21,0.0661376,0
0,1.00914,1900,51.31,0.0866388,0
0,0.990336,1900,51.4,0.0832776,0
0,0.986553,1900,51.41,0.0824503,0
0,0.986656,1900,51.42,0.0824503,0
0,0.984848,1900,51.41,0.0820428,0
0,0.985333,1900,51.41,0.082124,0
0,0.98372,1900,51.39,0.0817734,0
0,0.983203,1900,51.38,0.0816661,0
0,0.983441,1900,51.38,0.0816661,0
0,0.984073,1900,51.39,0.0818003,0
0,0.982545,1900,51.37,0.0814524,0
0,0.98306,1900,51.38,0.0815858,0
0,0.983876,1900,51.39,0.0817734,0
0,0.985423,1900,51.41,0.0820969,0
0,0.983296,1900,51.39,0.0816393,0
0,0.984118,1900,51.39,0.0818271,0
0,0.984659,1900,51.4,0.0819348,0
0,0.985051,1900,51.41,0.0820428,0
0,0.986716,1900,51.43,0.082423,0
0,0.986181,1900,51.43,0.0823141,0
0,0.987216,1900,51.44,0.0825597,0
0,0.987201,1900,51.44,0.0825871,0
0,0.988338,1900,51.45,0.0828343,0
0,0.988639,1900,51.46,0.0828895,0
0,0.988624,1900,51.46,0.0829171,0
0,0.98894,1900,51.47,0.0829723,0
0,0.991776,1900,51.51,0.0836412,0
0,0.990807,1900,51.51,0.083445,0
0,0.992667,1900,51.53,0.0838666,0
0,0.994082,1900,51.55,0.0841785,0
0,0.996326,1900,51.58,0.0846939,0
0,0.996995,1900,51.6,0.0848671,0
0,0.996449,1900,51.6,0.0847804,0
0,0.998722,1900,51.63,0.085274,0
0,0.997593,1900,51.62,0.08507,0
0,0.928035,1900,51.64,0.0857927,0
0,1.32059,4000,47.53,0.165468,0
1,0.402765,4000,47.51,0,0
2,0.402765,4000,74.5,0,0
0,1.29894,4000,51.13,0,1
1,4.5619,3200,82.09,0.343407,1
2,4.7567,3200,84.27,0.363901,1
3,0.402758,1000,46.97,0,1
0,0.402758,1000,48.02,0,0
1,1.00738,1000,60.61,0.346797,0
2,1.07018,1000,61.82,0.385208,0
0,0.402758,1000,47.56,0,0
1,2.45946,2000,68.99,0.341096,0
2,2.64613,2000,71.35,0.378788,0
0,0.402758,1000,47.48,0,1
1,4.81684,3000,92.47,0.341096,1
2,5.05794,3000,95.74,0.364964,1
3,0.402758,1000,47.51,0,1
0,0.402758,1000,47.47,0,0
1,1.0052,1000,64.25,0.345354,0
2,1.08086,1000,65.96,0.39185,0
0,0.402758,1000,47.47,0,0
1,2.54937,2000,71.63,0.359195,0
2,2.67595,2000,73.54,0.384025,0
0,0.402758,1000,47.47,0,1
1,5.62356,3000,101.91,0.412541,1
2,5.63574,3000,102.59,0.413907,1
3,0.402758,1000,47.55,0,1
0,0.402758,1000,47.48,0,0
1,1.14727,1000,68.4,0.428082,0
2,1.14895,1000,68.68,0.429553,0
0,0.402758,1000,47.48,0,0
1,2.88078,2000,76.5,0.420875,0
2,2.91552,2000,77.01,0.42735,0
0,0.402758,1000,47.49,0,1
1,5.68823,3000,104.09,0.41806,1
2,5.70424,3000,104.43,0.419463,1
3,0.402758,1000,47.56,0,1
0,0.402758,1000,47.49,0,0
1,1.15185,1000,69.29,0.429553,0
2,1.15721,1000,69.46,0.433276,0
0,0.402758,1000,47.5,0,0
1,2.85715,2000,76.69,0.415973,0
2,2.87213,2000,76.91,0.41876,0
0,0.402758,1000,47.5,0,1
1,5.53963,3000,102.74,0.405186,1
2,5.59602,3000,103.4,0.409836,1
3,0.402758,1000,47.57,0,1
0,0.402758,1000,47.5,0,0
1,1.15014,1000,69.04,0.428816,0
2,1.15066,1000,69.22,0.429553,0
0,0.520684,1000,47.52,0.140519,0
1,2.38527,2000,71.72,0.326371,0
2,2.34626,2000,71.44,0.320513,0
0,0.63999,2000,48.63,0,1
1,4.88938,3000,94.76,0.347222,1
2,5.05444,3000,96.53,0.362845,1
3,0.402758,1000,47.57,0,1
0,0.402758,1000,47.71,0,0
1,1.01303,1000,65.55,0.349719,0
2,1.07927,1000,66.68,0.390625,0
0,0.402758,1000,47.56,0,0
1,2.49564,2000,71.84,0.34728,0
2,2.68075,2000,74.17,0.385208,0
0,0.402758,1000,47.53,0,1
1,4.78005,3000,93.58,0.337398,1
2,5.19945,3000,98.8,0.378215,1
3,0.402758,1000,47.57,0,1
0,0.402758,1000,47.52,0,0
1,1.02284,1000,65.27,0.355207,0
2,1.08122,1000,67.27,0.39185,0
0,0.402758,1000,47.51,0,0
1,2.48854,2000,71.63,0.346314,0
2,2.66427,2000,74.22,0.382263,0
0,0.402758,1000,47.51,0,1
1,5.48849,3000,100.79,0.400641,1
2,5.55419,3000,102.23,0.406504,1
3,0.402758,1000,47.57,0,1
0,0.402758,1000,47.51,0,0
1,1.12575,1000,68.11,0.415282,0
2,1.13676,1000,68.69,0.421585,0
0,0.402758,1000,47.51,0,0
1,2.89489,2000,76.71,0.423012,0
2,2.90278,2000,77,0.424448,0
0,0.402758,1000,47.51,0,1
1,5.70311,3000,104.41,0.419463,1
2,5.71641,3000,104.63,0.420168,1
3,0.402758,1000,47.58,0,1
0,0.402758,1000,47.51,0,0
1,1.14571,1000,69.43,0.426621,0
2,1.15111,1000,69.55,0.429553,0
0,0.402758,1000,47.51,0,0
1,2.86202,2000,76.91,0.417362,0
2,2.86644,2000,76.95,0.417362,0
0,0.402758,1000,47.51,0,1
1,5.57375,3000,103.35,0.409165,1
2,5.477,3000,102.21,0.399361,1
3,0.402758,1000,47.58,0,1
0,0.402758,1000,47.51,0,0
1,1.15552,1000,69.35,0.432526,0
2,1.14648,1000,68.95,0.426621,0
0,0.518487,1000,47.53,0.137721,0
1,2.44388,2000,72.52,0.337838,0
2,2.38535,2000,71.77,0.326797,0
0,0.63999,2000,48.64,0,1
1,5.38722,3000,100.04,0.390016,1
2,5.42343,3000,100.3,0.394322,1
3,0.402758,1000,47.58,0,1
0,0.402758,1000,47.71,0,0
1,1.13246,1000,68.18,0.419463,0
2,1.13505,1000,68.23,0.420875,0
0,0.402758,1000,47.56,0,0
1,2.82538,2000,76.1,0.410509,0
2,2.8128,2000,75.96,0.40783,0
0,0.402758,1000,47.53,0,1
1,5.52439,3000,102.51,0.403877,1
2,5.54711,3000,102.66,0.405844,1
3,0.402758,1000,47.58,0,1
0,0.402758,1000,47.52,0,0
1,1.1292,1000,68.82,0.41806,0
2,1.12949,1000,68.83,0.41806,0
0,0.402758,1000,47.52,0,0
1,2.88768,2000,77,0.422297,0
2,2.9017,2000,77.1,0.424448,0
0,0.402758,1000,47.52,0,1
1,5.67263,3000,104.33,0.417362,1
2,5.67513,3000,104.31,0.416667,1
3,0.402758,1000,47.58,0,1
0,0.402758,1000,47.52,0,0
1,1.15629,1000,69.6,0.432526,0
2,1.15275,1000,69.54,0.431034,0
0,0.402758,1000,47.51,0,0
1,2.87093,2000,77.07,0.41876,0
2,2.8662,2000,76.98,0.417362,0
0,0.402758,1000,47.51,0,1
1,5.57857,3000,103.39,0.408497,1
2,5.52209,3000,102.75,0.403226,1
3,0.402758,1000,47.58,0,1
0,0.402758,1000,47.52,0,0
1,1.15675,1000,69.41,0.433276,0
2,1.14923,1000,69.14,0.428816,0
0,0.518431,1000,47.54,0.137645,0
1,2.4087,2000,72.2,0.331126,0
2,2.34355,2000,71.42,0.318878,0
0,0.63999,2000,48.64,0,1
1,4.98766,3000,96.1,0.356633,1
2,5.07255,3000,96.82,0.364964,1
3,0.402758,1000,47.58,0,1
0,0.402758,1000,47.71,0,0
1,1.0254,1000,66.12,0.357245,0
2,1.05515,1000,66.56,0.376506,0
0,0.402758,1000,47.57,0,0
1,2.57949,2000,73.02,0.365497,0
2,2.56241,2000,72.91,0.361795,0
0,0.402758,1000,47.53,0,1
1,4.95068,3000,95.86,0.35461,1
2,4.94938,3000,95.79,0.35461,1
3,0.402758,1000,47.58,0,1
0,0.402758,1000,47.52,0,0
1,1.05139,1000,66.26,0.373692,0
2,1.03733,1000,66.06,0.365497,0
0,0.402758,1000,47.52,0,0
1,2.63773,2000,73.61,0.376506,0
2,2.5904,2000,73.03,0.367107,0
0,0.402758,1000,47.51,0,1
1,5.56517,3000,102.2,0.40783,1
2,5.52052,3000,101.53,0.403226,1
3,0.402758,1000,47.58,0,1
0,0.402758,1000,47.51,0,0
1,1.13047,1000,68.65,0.41876,0
2,1.13171,1000,68.44,0.419463,0
0,0.402758,1000,47.51,0,0
1,2.89869,2000,76.99,0.423729,0
2,2.87039,2000,76.58,0.41806,0
0,0.402758,1000,47.51,0,1
1,5.69408,3000,104.49,0.41876,1
2,5.58373,3000,103.13,0.408497,1
3,0.402758,1000,47.58,0,1
0,0.402758,1000,47.51,0,0
1,1.15727,1000,69.63,0.432526,0
2,1.15298,1000,69.19,0.430293,0
0,0.402758,1000,47.51,0,0
1,2.98701,2000,78.25,0.440141,0
2,2.9596,2000,77.84,0.43554,0
0,0.402758,1000,47.51,0,1
1,5.89153,3000,106.87,0.43554,1
2,5.78414,3000,105.67,0.426621,1
3,0.402758,1000,47.58,0,1
0,0.402758,1000,47.52,0,0
1,1.19525,1000,70.69,0.454545,0
2,1.17374,1000,70.13,0.443262,0
0,0.518391,1000,47.53,0.137569,0
1,2.457,2000,73.09,0.339674,0
2,2.39545,2000,72.29,0.328947,0
0,0.63999,2000,48.64,0,1
1,5.05716,3000,97.33,0.364432,1
2,4.84868,3000,94.76,0.344828,1
3,0.402758,1000,47.58,0,1
0,0.402758,1000,47.72,0,0
1,1.06629,1000,66.94,0.382848,0
2,1.00765,1000,65.59,0.346314,0
0,0.402758,1000,47.57,0,0
1,2.60808,2000,73.64,0.371471,0
2,2.51168,2000,72.1,0.350704,0
0,0.402758,1000,47.53,0,1
1,5.14372,3000,98.17,0.372578,1
2,4.76548,3000,93.54,0.336032,1
3,0.402758,1000,47.58,0,1
0,0.402758,1000,47.52,0,0
1,1.06298,1000,67.02,0.381098,0
2,1.01302,1000,65.22,0.349719,0
0,0.402758,1000,47.52,0,0
1,2.64122,2000,73.96,0.377643,0
2,2.48903,2000,71.67,0.346314,0
0,0.402758,1000,47.51,0,1
1,5.08375,3000,97.58,0.367107,1
2,4.83492,3000,94.13,0.342503,1
3,0.402758,1000,47.58,0,1
0,0.402758,1000,47.51,0,0
1,1.05869,1000,66.82,0.378215,0
2,1.0229,1000,65.42,0.355714,0
0,0.402758,1000,47.51,0,0
1,2.76061,2000,75.06,0.398724,0
2,2.71537,2000,74.04,0.390016,0
0,0.402758,1000,47.51,0,1
1,5.22206,3000,99.27,0.379363,1
2,4.94778,3000,95.85,0.352192,1
3,0.402758,1000,47.58,0,1
0,0.402758,1000,47.51,0,0
1,1.11723,1000,67.88,0.412541,0
2,1.06465,1000,66.33,0.380518,0
0,0.402758,1000,47.51,0,0
1,2.94181,2000,77.24,0.432526,0
2,2.93324,2000,76.55,0.430293,0
0,0.402758,1000,47.51,0,1
1,5.69277,3000,104.52,0.41876,1
2,5.64364,3000,103.6,0.413907,1
3,0.402758,1000,47.58,0,1
0,0.402758,1000,47.51,0,0
1,1.15804,1000,69.66,0.434028,0
2,1.15643,1000,69.29,0.432526,0
0,0.402758,1000,47.51,0,0
1,2.87542,2000,77.16,0.420168,0
2,2.85357,2000,76.71,0.415282,0
0,0.402758,1000,47.51,0,1
1,5.56199,3000,103.28,0.407166,1
2,5.54314,3000,102.82,0.405186,1
3,0.402758,1000,47.58,0,1
0,0.402758,1000,47.51,0,0
1,1.15271,1000,69.36,0.431034,0
2,1.14756,1000,69.1,0.42735,0
0,0.518427,1000,47.53,0.137645,0
1,2.33365,2000,71.4,0.316857,0
2,2.31479,2000,71.11,0.31407,0
0,0.63999,2000,48.64,0,1
1,4.70128,3000,92.92,0.329801,1
2,5.16174,3000,97.81,0.374251,1
3,0.402758,1000,47.58,0,1
0,0.402758,1000,47.71,0,0
1,0.987509,1000,64.92,0.335128,0
2,1.07452,1000,67,0.388199,0
0,0.402758,1000,47.56,0,0
1,2.46365,2000,71.38,0.341564,0
2,2.64707,2000,73.97,0.378788,0
0,0.402758,1000,47.53,0,1
1,4.67547,3000,92.4,0.328063,1
2,5.15822,3000,98.39,0.374251,1
3,0.402758,1000,47.58,0,1
0,0.402758,1000,47.52,0,0
1,0.997517,1000,64.76,0.341096,0
2,1.07001,1000,67.11,0.385208,0
0,0.402758,1000,47.52,0,0
1,2.41972,2000,70.8,0.332888,0
2,2.67315,2000,74.32,0.384025,0
0,0.402758,1000,47.51,0,1
1,4.78759,3000,93.38,0.337856,1
2,5.24873,3000,99.4,0.382263,1
3,0.402758,1000,47.58,0,1
0,0.402758,1000,47.51,0,0
1,1.03547,1000,65.36,0.362974,0
2,1.08771,1000,67.56,0.39557,0
0,0.402758,1000,47.51,0,0
1,2.62597,2000,73.09,0.373134,0
2,2.73325,2000,75.02,0.394322,0
0,0.402758,1000,47.51,0,1
1,5.55694,3000,101.86,0.406504,1
2,5.62688,3000,103.27,0.413223,1
3,0.402758,1000,47.58,0,1
0,0.402758,1000,47.51,0,0
1,1.14289,1000,68.62,0.42517,0
2,1.14824,1000,69.14,0.428082,0
0,0.402758,1000,47.51,0,0
1,2.92378,2000,77.21,0.428816,0
2,2.92235,2000,77.41,0.428082,0
0,0.402758,1000,47.51,0,1
1,5.69843,3000,104.53,0.41876,1
2,5.68391,3000,104.45,0.417362,1
3,0.402758,1000,47.58,0,1
0,0.402758,1000,47.51,0,0
1,1.16635,1000,69.75,0.439367,0
2,1.16459,1000,69.69,0.4363,0
0,0.402758,1000,47.51,0,0
1,2.9366,2000,77.85,0.431779,0
2,2.93452,2000,77.71,0.430293,0
0,0.402758,1000,47.51,0,1
1,5.76027,3000,105.55,0.42517,1
2,5.78829,3000,105.61,0.425894,1
3,0.402758,1000,47.58,0,1
0,0.633956,1000,47.82,0.137569,0
1,1.0128,1000,68.48,0.35014,0
2,1.00807,1000,68.4,0.346741,0
0,0.63999,2000,48.65,0,0
1,2.62442,2000,74.29,0.372024,0
2,2.57017,2000,73.73,0.362319,0
0,0.537995,1600,48.36,0,1
1,4.99626,3000,96.88,0.35868,1
2,4.94623,3000,96.13,0.354108,1
3,0.402758,1000,47.58,0,1
0,0.402758,1000,47.68,0,0
1,1.0622,1000,66.77,0.380518,0
2,1.04396,1000,66.34,0.369276,0
0,0.402758,1000,47.57,0,0
1,2.59438,2000,73.41,0.368732,0
2,2.56058,2000,72.86,0.361795,0
0,0.402758,1000,47.54,0,1
1,5.08846,3000,97.54,0.367647,1
2,4.88002,3000,95.03,0.348189,1
3,0.402758,1000,47.58,0,1
0,0.402758,1000,47.52,0,0
1,1.07522,1000,66.98,0.388199,0
2,1.03001,1000,65.81,0.359827,0
0,0.402758,1000,47.52,0,0
1,2.89459,2000,76.45,0.423729,0
2,2.85022,2000,75.57,0.414594,0
0,0.402758,1000,47.52,0,1
1,5.7688,3000,105.06,0.425894,1
2,5.77267,3000,104.76,0.425894,1
3,0.402758,1000,47.58,0,1
0,0.402758,1000,47.52,0,0
1,1.16063,1000,69.77,0.43554,0
2,1.16727,1000,69.67,0.439367,0
0,0.402758,1000,47.51,0,0
1,2.9345,2000,77.78,0.430293,0
2,2.9662,2000,78.03,0.437063,0
0,0.402758,1000,47.51,0,1
1,5.60217,3000,103.75,0.409836,1
2,5.61834,3000,103.95,0.411862,1
3,0.402758,1000,47.58,0,1
0,0.402758,1000,47.51,0,0
1,1.15002,1000,69.45,0.429553,0
2,1.14322,1000,69.39,0.42517,0
0,0.402758,1000,47.51,0,0
1,2.86536,2000,77.01,0.417362,0
2,2.82771,2000,76.57,0.410509,0
0,0.402758,1000,47.51,0,1
1,5.49883,3000,102.53,0.401284,1
2,5.47937,3000,102.21,0.4,1
3,0.402758,1000,47.58,0,1
0,0.634072,1000,47.83,0.137645,0
1,0.992408,1000,67.46,0.336474,0
2,0.966288,1000,67.09,0.322997,0
0,0.63999,2000,48.65,0,0
1,2.66115,2000,74.37,0.379363,0
2,2.56904,2000,73.25,0.361795,0
0,0.537995,1600,48.36,0,1
1,5.18175,3000,98.83,0.37594,1
2,4.83459,3000,94.72,0.342503,1
3,0.402758,1000,47.58,0,1
0,0.402758,1000,47.68,0,0
1,1.05849,1000,67.19,0.378215,0
2,1.02718,1000,65.76,0.358273,0
0,0.402758,1000,47.56,0,0
1,2.65527,2000,74.19,0.379939,0
2,2.49984,2000,71.97,0.347765,0
0,0.402758,1000,47.53,0,1
1,5.1371,3000,98.25,0.372024,1
2,4.83452,3000,94.25,0.342503,1
3,0.402758,1000,47.58,0,1
0,0.402758,1000,47.52,0,0
1,1.10152,1000,67.46,0.403226,0
2,1.02388,1000,65.49,0.355714,0
0,0.402758,1000,47.52,0,0
1,2.79143,2000,75.6,0.405186,0
2,2.66992,2000,73.58,0.381098,0
0,0.402758,1000,47.52,0,1
1,5.71889,3000,104.4,0.421585,1
2,5.61681,3000,102.57,0.411862,1
3,0.402758,1000,47.58,0,1
0,0.402758,1000,47.52,0,0
1,1.16893,1000,69.68,0.440141,0
2,1.1605,1000,68.98,0.434783,0
0,0.402758,1000,47.51,0,0
1,2.96117,2000,78.04,0.4363,0
2,2.95617,2000,77.63,0.434028,0
0,0.402758,1000,47.51,0,1
1,5.86296,3000,106.64,0.434028,1
2,5.78609,3000,105.5,0.425894,1
3,0.402758,1000,47.58,0,1
0,0.402758,1000,47.51,0,0
1,1.17692,1000,70.46,0.44484,0
2,1.17483,1000,70.06,0.443262,0
0,0.402758,1000,47.51,0,0
1,3.00439,2000,78.82,0.44484,0
2,2.9684,2000,78.19,0.4363,0
0,0.402758,1000,47.51,0,1
1,5.86455,3000,106.9,0.434028,1
2,5.74474,3000,105.32,0.422297,1
3,0.402758,1000,47.58,0,1
0,0.402758,1000,47.52,0,0
1,1.14928,1000,70.3,0.428816,0
2,1.12255,1000,69.54,0.413223,0
0,0.402758,1000,47.52,0,0
1,2.91598,2000,77.91,0.428082,0
2,2.80037,2000,76.39,0.405844,0
0,0.402758,1000,47.52,0,1
1,5.72973,3000,105.3,0.422297,1
2,5.50356,3000,102.44,0.401929,1
3,0.402758,1000,47.58,0,1
0,0.402758,1000,47.52,0,0
1,1.17529,1000,70.16,0.44405,0
2,1.14381,1000,69,0.42517,0
0,0.402758,1000,47.52,0,0
1,2.95785,2000,78.26,0.43554,0
2,2.86271,2000,76.83,0.41806,0
0,0.402758,1000,47.52,0,1
1,5.84447,3000,106.55,0.431779,1
2,5.62885,3000,103.8,0.412541,1
3,0.402758,1000,47.58,0,1
0,0.402758,1000,47.52,0,0
1,1.17927,1000,70.51,0.446429,0
2,1.14513,1000,69.35,0.426621,0
0,0.518229,1000,47.54,0.137341,0
1,2.34255,2000,71.89,0.318066,0
2,2.26934,2000,70.72,0.304878,0
0,0.63999,2000,48.64,0,1
1,4.8627,3000,94.93,0.346741,1
2,4.88999,3000,94.82,0.349162,1
3,0.402758,1000,47.58,0,1
0,0.402758,1000,47.72,0,0
1,1.06038,1000,66.25,0.378788,0
2,1.00603,1000,65.53,0.345354,0
0,0.402758,1000,47.57,0,0
1,2.54381,2000,72.69,0.35868,0
2,2.51829,2000,72.15,0.353607,0
0,0.402758,1000,47.53,0,1
1,4.85623,3000,94.78,0.34626,1
2,4.95615,3000,95.66,0.355619,1
3,0.402758,1000,47.58,0,1
0,0.402758,1000,47.52,0,0
1,1.02949,1000,65.77,0.36075,0
2,1.04075,1000,66.03,0.367647,0
0,0.402758,1000,47.52,0,0
1,2.70686,2000,74.15,0.388802,0
2,2.7119,2000,74.21,0.389408,0
0,0.402758,1000,47.51,0,1
1,5.54772,3000,102.13,0.405844,1
2,5.54321,3000,101.99,0.405186,1
3,0.402758,1000,47.58,0,1
0,0.402758,1000,47.51,0,0
1,1.14578,1000,68.8,0.42735,0
2,1.13863,1000,68.64,0.422297,0
0,0.402758,1000,47.51,0,0
1,2.89886,2000,77.08,0.424448,0
2,2.86272,2000,76.57,0.416667,0
0,0.402758,1000,47.51,0,1
1,5.65372,3000,104.12,0.415282,1
2,5.58248,3000,103.13,0.408497,1
3,0.402758,1000,47.58,0,1
0,0.402758,1000,47.51,0,0
1,1.16845,1000,69.68,0.440141,0
2,1.15209,1000,69.22,0.431034,0
0,0.402758,1000,47.51,0,0
1,2.9443,2000,77.87,0.432526,0
2,2.88347,2000,77.08,0.421585,0
0,0.402758,1000,47.51,0,1
1,5.83194,3000,106.24,0.431034,1
2,5.68264,3000,104.46,0.41806,1
3,0.402758,1000,47.58,0,1
0,0.402758,1000,47.52,0,0
1,1.16491,1000,70.23,0.437828,0
2,1.15271,1000,69.6,0.431779,0
0,0.518404,1000,47.53,0.137645,0
1,2.26985,2000,71.01,0.303767,0
2,2.25871,2000,70.72,0.303398,0
0,0.63999,2000,48.64,0,1
1,4.92473,3000,95.35,0.352113,1
2,4.981,3000,95.83,0.357654,1
3,0.402758,1000,47.58,0,1
0,0.402758,1000,47.71,0,0
1,1.04411,1000,66.15,0.369822,0
2,1.04867,1000,66.24,0.372578,0
0,0.402758,1000,47.57,0,0
1,2.54685,2000,72.65,0.35868,0
2,2.55849,2000,72.78,0.361272,0
0,0.402758,1000,47.53,0,1
1,4.91248,3000,95.36,0.351124,1
2,4.97581,3000,96.05,0.357143,1
3,0.402758,1000,47.58,0,1
0,0.402758,1000,47.52,0,0
1,1.05028,1000,66.13,0.373134,0
2,1.03791,1000,66.13,0.364568,0
0,0.402758,1000,47.52,0,0
1,2.82766,2000,75.48,0.411184,0
2,2.8136,2000,75.33,0.408497,0
0,0.402758,1000,47.51,0,1
1,5.75333,3000,104.59,0.423729,1
2,5.65204,3000,103.47,0.415282,1
3,0.402758,1000,47.58,0,1
0,0.402758,1000,47.51,0,0
1,1.15904,1000,69.58,0.434028,0
2,1.15708,1000,69.24,0.433276,0
0,0.402758,1000,47.51,0,0
1,2.95235,2000,77.88,0.434028,0
2,2.95246,2000,77.74,0.434028,0
0,0.402758,1000,47.51,0,1
1,5.77118,3000,105.54,0.42517,1
2,5.79356,3000,105.69,0.42735,1
3,0.402758,1000,47.58,0,1
0,0.402758,1000,47.51,0,0
1,1.18683,1000,70.27,0.45045,0
2,1.17988,1000,70.18,0.446429,0
0,0.402758,1000,47.51,0,0
1,2.98398,2000,78.47,0.439367,0
2,2.94991,2000,78.06,0.433276,0
0,0.402758,1000,47.51,0,1
1,5.89904,3000,107.07,0.4363,1
2,5.84711,3000,106.39,0.431779,1
3,0.402758,1000,47.58,0,1
0,0.634085,1000,47.83,0.137645,0
1,1.00373,1000,68.76,0.342466,0
2,0.974684,1000,68.26,0.327225,0
0,0.63999,2000,48.65,0,0
1,2.45588,2000,72.71,0.340599,0
2,2.53659,2000,73.38,0.356125,0
0,0.537995,1600,48.36,0,1
1,4.5748,3000,92.03,0.319231,1
2,4.98566,3000,96.58,0.35868,1
3,0.402758,1000,47.58,0,1
0,0.402758,1000,47.68,0,0
1,0.983005,1000,64.71,0.332443,0
2,1.04236,1000,66.44,0.369276,0
0,0.402758,1000,47.57,0,0
1,2.41615,2000,70.86,0.332888,0
2,2.56036,2000,72.93,0.362319,0
0,0.402758,1000,47.54,0,1
1,4.59883,3000,91.52,0.321705,1
2,4.94524,3000,95.83,0.35461,1
3,0.402758,1000,47.58,0,1
0,0.402758,1000,47.52,0,0
1,0.995841,1000,64.52,0.340164,0
2,1.04654,1000,66.19,0.37092,0
0,0.402758,1000,47.52,0,0
1,2.5669,2000,72.3,0.362845,0
2,2.52104,2000,72.36,0.35461,0
0,0.402758,1000,47.51,0,1
1,4.99575,3000,96.02,0.35868,1
2,4.86817,3000,94.75,0.347222,1
3,0.402758,1000,47.58,0,1
0,0.402758,1000,47.51,0,0
1,1.05963,1000,66.29,0.377643,0
2,1.07212,1000,66.14,0.385208,0
0,0.402758,1000,47.51,0,0
1,2.88026,2000,76.04,0.420875,0
2,2.82664,2000,75.39,0.410509,0
0,0.402758,1000,47.51,0,1
1,5.6696,3000,103.85,0.416667,1
2,5.60692,3000,103,0.411184,1
3,0.402758,1000,47.58,0,1
0,0.402758,1000,47.51,0,0
1,1.16445,1000,69.45,0.437063,0
2,1.16935,1000,69.24,0.440141,0
0,0.402758,1000,47.51,0,0
1,2.94166,2000,77.71,0.431779,0
2,2.92579,2000,77.43,0.428816,0
0,0.402758,1000,47.51,0,1
1,5.7598,3000,105.39,0.424448,1
2,5.65572,3000,104.14,0.414594,1
3,0.402758,1000,47.58,0,1
0,0.402758,1000,47.51,0,0
1,1.16644,1000,70.01,0.438596,0
2,1.14408,1000,69.4,0.425894,0
0,0.402758,1000,47.51,0,0
1,2.9281,2000,77.82,0.429553,0
2,2.87094,2000,76.97,0.41806,0
0,0.452066,1000,47.52,0.0884547,1
1,5.2035,3000,99.74,0.375375,1
2,5.115,3000,98.49,0.367107,1
3,0.402758,1000,47.58,0,1
0,0.486236,1000,47.53,0.0492484,0
1,1.06018,1000,67.48,0.374251,0
2,1.01863,1000,66.7,0.352113,0
0,0.402758,1000,47.52,0,0
1,2.56811,2000,73.39,0.362845,0
2,2.50818,2000,72.45,0.349719,0
0,0.402758,1000,47.52,0,1
1,5.03613,3000,96.96,0.362319,1
2,4.90451,3000,95.24,0.35014,1
3,0.402758,1000,47.58,0,1
0,0.402758,1000,47.52,0,0
1,1.05212,1000,66.62,0.374251,0
2,1.03879,1000,65.96,0.366569,0
0,0.402758,1000,47.51,0,0
1,2.61432,2000,73.54,0.372024,0
2,2.51825,2000,72.23,0.352192,0
0,0.402758,1000,47.51,0,1
1,4.9495,3000,95.95,0.354108,1
2,4.99343,3000,96.04,0.35868,1
3,0.402758,1000,47.58,0,1
0,0.402758,1000,47.51,0,0
1,1.12075,1000,67.03,0.413223,0
2,1.1031,1000,66.75,0.402576,0
0,0.402758,1000,47.51,0,0
1,2.84371,2000,75.93,0.414594,0
2,2.82459,2000,75.53,0.409836,0
0,0.402758,1000,47.51,0,1
1,5.63238,3000,103.55,0.413907,1
2,5.56511,3000,102.57,0.407166,1
3,0.402758,1000,47.58,0,1
0,0.402758,1000,47.51,0,0
1,1.14199,1000,69.18,0.42517,0
2,1.14156,1000,68.86,0.424448,0
0,0.402758,1000,47.51,0,0
1,2.89715,2000,77.23,0.424448,0
2,2.86304,2000,76.67,0.417362,0
0,0.402758,1000,47.51,0,1
1,5.70808,3000,104.71,0.419463,1
2,5.65378,3000,103.93,0.414594,1
3,0.402758,1000,47.58,0,1
0,0.402758,1000,47.51,0,0
1,1.17321,1000,69.89,0.442478,0
2,1.16256,1000,69.52,0.4363,0
0,0.402758,1000,47.51,0,0
1,2.97007,2000,78.22,0.437828,0
2,2.9137,2000,77.44,0.426621,0
0,0.479877,1000,47.53,0.137721,1
1,4.89478,3000,96.61,0.348189,1
2,4.82828,3000,95.63,0.341997,1
3,0.402758,1000,47.58,0,1
0,0.402758,1000,47.52,0,0
1,1.12301,1000,67.34,0.409165,0
2,1.079,1000,66.61,0.386399,0
0,0.402758,1000,47.52,0,0
1,2.80645,2000,75.68,0.406504,0
2,2.8138,2000,75.48,0.40783,0
0,0.402758,1000,47.52,0,1
1,5.75058,3000,104.71,0.423729,1
2,5.72239,3000,104.29,0.421585,1
3,0.402758,1000,47.58,0,1
0,0.402758,1000,47.52,0,0
1,1.15066,1000,69.58,0.429553,0
2,1.16258,1000,69.54,0.437063,0
0,0.402758,1000,47.52,0,0
1,2.92107,2000,77.62,0.428816,0
2,2.89011,2000,77.19,0.422297,0
0,0.402758,1000,47.52,0,1
1,5.7911,3000,105.75,0.42735,1
2,5.79491,3000,105.59,0.42735,1
3,0.402758,1000,47.58,0,1
0,0.402758,1000,47.52,0,0
1,1.16848,1000,70.14,0.440141,0
2,1.16962,1000,70.05,0.440141,0
0,0.402758,1000,47.52,0,0
1,2.98855,2000,78.53,0.440917,0
2,2.96699,2000,78.22,0.437063,0
0,0.402758,1000,47.52,0,1
1,5.80142,3000,106.12,0.428082,1
2,5.80863,3000,106.06,0.428816,1
3,0.402758,1000,47.58,0,1
0,0.402758,1000,47.52,0,0
1,1.17246,1000,70.32,0.442478,0
2,1.18517,1000,70.39,0.44964,0
0,0.402758,1000,47.52,0,0
1,2.96356,2000,78.32,0.4363,0
2,2.98382,2000,78.53,0.440141,0
0,0.402758,1000,47.52,0,1
1,5.77455,3000,105.8,0.425894,1
2,5.76732,3000,105.72,0.42517,1
3,0.402758,1000,47.58,0,1
0,0.402758,1000,47.52,0,0
1,1.15378,1000,70.07,0.431779,0
2,1.14413,1000,69.9,0.425894,0
0,0.402758,1000,47.52,0,0
1,2.90799,2000,77.71,0.425894,0
2,2.9045,2000,77.6,0.42517,0
0,0.402758,1000,47.52,0,1
1,5.7304,3000,105.2,0.421585,1
2,5.71968,3000,105.01,0.420875,1
3,0.402758,1000,47.58,0,1
0,0.402758,1000,47.52,0,0
1,1.15465,1000,69.9,0.431779,0
2,1.1527,1000,69.78,0.431034,0
0,0.402758,1000,47.52,0,0
1,2.88548,2000,77.4,0.421585,0
2,2.86045,2000,77.03,0.415973,0
0,0.402758,1000,47.52,0,1
1,5.60331,3000,103.9,0.411862,1
2,5.51673,3000,102.69,0.402576,1
3,0.402758,1000,47.58,0,1
0,0.402758,1000,47.52,0,0
1,1.15028,1000,69.55,0.431034,0
2,1.12334,1000,68.88,0.413223,0
0,0.402758,1000,47.52,0,0
1,2.87268,2000,77.18,0.420168,0
2,2.84194,2000,76.56,0.413223,0
0,0.479775,1000,47.53,0.137417,1
1,4.64775,3000,93.7,0.325521,1
2,4.57234,3000,92.73,0.319285,1
3,0.402758,1000,47.58,0,1
0,0.402758,1000,47.52,0,0
1,1.03898,1000,65.82,0.365497,0
2,1.04761,1000,65.6,0.37092,0
0,0.402758,1000,47.52,0,0
1,2.64922,2000,73.73,0.379363,0
2,2.51605,2000,72.13,0.351199,0
0,0.402758,1000,47.52,0,1
1,5.22687,3000,99.03,0.379939,1
2,4.873,3000,94.69,0.345833,1
3,0.402758,1000,47.58,0,1
0,0.402758,1000,47.51,0,0
1,1.08109,1000,67.4,0.39185,0
2,1.03079,1000,65.69,0.360347,0
0,0.402758,1000,47.51,0,0
1,2.67233,2000,74.39,0.383436,0
2,2.53543,2000,72.31,0.355207,0
0,0.402758,1000,47.51,0,1
1,5.42349,3000,101.18,0.396825,1
2,5.23236,3000,98.38,0.378215,1
3,0.402758,1000,47.58,0,1
0,0.402758,1000,47.51,0,0
1,1.15873,1000,68.77,0.43554,0
2,1.13979,1000,67.71,0.423729,0
0,0.402758,1000,47.51,0,0
1,2.89889,2000,77.11,0.42517,0
2,2.85914,2000,76.21,0.416667,0
0,0.402758,1000,47.51,0,1
1,5.745,3000,105.09,0.423729,1
2,5.72255,3000,104.42,0.420875,1
3,0.402758,1000,47.58,0,1
0,0.402758,1000,47.51,0,0
1,1.16317,1000,69.89,0.437828,0
2,1.16144,1000,69.58,0.43554,0
0,0.402758,1000,47.51,0,0
1,2.90325,2000,77.55,0.42517,0
2,2.86834,2000,76.99,0.41806,0
0,0.402758,1000,47.51,0,1
1,5.68211,3000,104.61,0.417362,1
2,5.67115,3000,104.27,0.416667,1
3,0.402758,1000,47.58,0,1
0,0.402758,1000,47.52,0,0
1,1.16623,1000,69.84,0.438596,0
2,1.1649,1000,69.67,0.437828,0
0,0.402758,1000,47.52,0,0
1,2.93668,2000,77.88,0.431034,0
2,2.90942,2000,77.47,0.425894,0
0,0.479883,1000,47.53,0.137721,1
1,4.59034,3000,93.2,0.319693,1
2,4.58452,3000,93.09,0.320102,1
3,0.402758,1000,47.58,0,1
0,0.402758,1000,47.52,0,0
1,1.01076,1000,65.42,0.347765,0
2,1.04923,1000,65.74,0.372024,0
0,0.402758,1000,47.52,0,0
1,2.57093,2000,72.73,0.363372,0
2,2.60397,2000,73.13,0.369822,0
0,0.402758,1000,47.52,0,1
1,5.02814,3000,96.57,0.361272,1
2,5.01538,3000,96.53,0.36075,1
3,0.402758,1000,47.58,0,1
0,0.402758,1000,47.51,0,0
1,1.05976,1000,66.52,0.378788,0
2,1.03804,1000,66.25,0.364035,0
0,0.402758,1000,47.51,0,0
1,2.57783,2000,73.07,0.364964,0
2,2.62672,2000,73.52,0.374813,0
0,0.402758,1000,47.51,0,1
1,5.35227,3000,99.97,0.389408,1
2,5.29767,3000,99.47,0.384615,1
3,0.402758,1000,47.58,0,1
0,0.402758,1000,47.51,0,0
1,1.15932,1000,68.38,0.434783,0
2,1.14536,1000,68.09,0.426621,0
0,0.402758,1000,47.51,0,0
1,2.90065,2000,76.91,0.424448,0
2,2.87967,2000,76.56,0.420168,0
0,0.402758,1000,47.51,0,1
1,5.7282,3000,104.78,0.421585,1
2,5.6999,3000,104.31,0.41876,1
3,0.402758,1000,47.58,0,1
0,0.402758,1000,47.51,0,0
1,1.17352,1000,69.87,0.443262,0
2,1.16747,1000,69.63,0.439367,0
0,0.402758,1000,47.51,0,0
1,2.95802,2000,78.07,0.43554,0
2,2.87167,2000,77.04,0.41876,0
0,0.402758,1000,47.51,0,1
1,5.76578,3000,105.62,0.42517,1
2,5.64571,3000,104.05,0.414594,1
3,0.402758,1000,47.58,0,1
0,0.402758,1000,47.52,0,0
1,1.16658,1000,70.09,0.438596,0
2,1.14601,1000,69.43,0.426621,0
0,0.402758,1000,47.52,0,0
1,2.93387,2000,77.94,0.431034,0
2,2.87094,2000,77.03,0.41876,0
0,0.402758,1000,47.52,0,1
1,5.6192,3000,104.06,0.411862,1
2,5.58424,3000,103.36,0.408497,1
3,0.402758,1000,47.58,0,1
0,0.402758,1000,47.52,0,0
1,1.15313,1000,69.6,0.431034,0
2,1.1474,1000,69.27,0.42735,0
0,0.402758,1000,47.52,0,0
1,2.88763,2000,77.33,0.422297,0
2,2.8707,2000,76.95,0.41806,0
0,0.402758,1000,47.52,0,1
1,5.63459,3000,104.06,0.413223,1
2,5.73019,3000,104.88,0.421585,1
3,0.402758,1000,47.58,0,1
0,0.402758,1000,47.52,0,0
1,1.15714,1000,69.62,0.434028,0
2,1.17375,1000,69.92,0.442478,0
0,0.402758,1000,47.52,0,0
1,2.91035,2000,77.57,0.426621,0
2,2.95146,2000,77.99,0.434028,0
0,0.479755,1000,47.53,0.137341,1
1,4.74099,3000,94.9,0.335121,1
2,4.74163,3000,94.94,0.334672,1
3,0.402758,1000,47.58,0,1
0,0.402758,1000,47.52,0,0
1,1.13399,1000,67.01,0.415282,0
2,1.10941,1000,66.8,0.403226,0
0,0.402758,1000,47.52,0,0
1,2.84337,2000,75.99,0.414594,0
2,2.7967,2000,75.42,0.405186,0
0,0.402758,1000,47.52,0,1
1,5.7874,3000,105.15,0.42735,1
2,5.71358,3000,104.21,0.420875,1
3,0.402758,1000,47.58,0,1
0,0.402758,1000,47.52,0,0
1,1.16133,1000,69.8,0.4363,0
2,1.16109,1000,69.51,0.43554,0
0,0.402758,1000,47.52,0,0
1,2.94562,2000,77.92,0.432526,0
2,2.91377,2000,77.46,0.42735,0
0,0.402758,1000,47.52,0,1
1,5.7619,3000,105.54,0.42517,1
2,5.72307,3000,104.99,0.421585,1
3,0.402758,1000,47.58,0,1
0,0.402758,1000,47.52,0,0
1,1.17841,1000,70.21,0.445633,0
2,1.16798,1000,69.91,0.440141,0
0,0.402758,1000,47.52,0,0
1,2.95392,2000,78.18,0.434783,0
2,2.9544,2000,78.05,0.434783,0
0,0.402758,1000,47.52,0,1
1,5.81468,3000,106.17,0.429553,1
2,5.79495,3000,105.82,0.42735,1
3,0.402758,1000,47.58,0,1
0,0.402758,1000,47.52,0,0
1,1.17899,1000,70.39,0.445633,0
2,1.15943,1000,70.05,0.434783,0
0,0.402758,1000,47.52,0,0
1,2.96017,2000,78.3,0.43554,0
2,2.92276,2000,77.77,0.428082,0
0,0.402758,1000,47.52,0,1
1,5.6961,3000,104.96,0.41876,1
2,5.67855,3000,104.58,0.416667,1
3,0.402758,1000,47.58,0,1
0,0.402758,1000,47.52,0,0
1,1.15682,1000,69.9,0.434028,0
2,1.13924,1000,69.53,0.422297,0
0,0.402758,1000,47.52,0,0
1,2.90685,2000,77.67,0.426621,0
2,2.86908,2000,77.05,0.41806,0
0,0.402758,1000,47.52,0,1
1,5.71887,3000,105.03,0.420875,1
2,5.67243,3000,104.32,0.416667,1
3,0.402758,1000,47.58,0,1
0,0.402758,1000,47.52,0,0
1,1.15785,1000,69.88,0.433276,0
2,1.16054,1000,69.68,0.43554,0
0,0.402758,1000,47.52,0,0
1,2.931,2000,77.86,0.430293,0
2,2.91952,2000,77.62,0.428082,0
0,0.410286,1000,47.52,0.0148845,1
1,5.50673,3000,102.87,0.401929,1
2,5.47438,3000,102.43,0.399361,1
3,0.402758,1000,47.58,0,1
0,0.402758,1000,47.52,0,0
1,1.08652,1000,68.58,0.391236,0
2,1.06487,1000,68.22,0.379939,0
0,0.402758,1000,47.52,0,0
1,2.61445,2000,74.34,0.373134,0
2,2.51479,2000,73.12,0.352192,0
0,0.402758,1000,47.52,0,1
1,5.05547,3000,97.65,0.365497,1
2,4.97533,3000,96.44,0.358166,1
3,0.402758,1000,47.58,0,1
0,0.402758,1000,47.52,0,0
1,1.07704,1000,67.16,0.390625,0
2,1.04256,1000,66.41,0.368889,0
0,0.402758,1000,47.52,0,0
1,2.66182,2000,74.3,0.382263,0
2,2.53065,2000,72.62,0.355714,0
0,0.402758,1000,47.51,0,1
1,5.32205,3000,100.21,0.388199,1
2,5.30582,3000,99.46,0.386399,1
3,0.402758,1000,47.58,0,1
0,0.402758,1000,47.51,0,0
1,1.13028,1000,68.27,0.420875,0
2,1.13277,1000,67.97,0.420168,0
0,0.402758,1000,47.51,0,0
1,2.88093,2000,76.84,0.423012,0
2,2.85022,2000,76.3,0.415973,0
0,0.402758,1000,47.51,0,1
1,5.74043,3000,105.11,0.424448,1
2,5.69743,3000,104.36,0.419463,1
3,0.402758,1000,47.58,0,1
0,0.402758,1000,47.51,0,0
1,1.1622,1000,69.89,0.438596,0
2,1.1608,1000,69.59,0.4363,0
0,0.402758,1000,47.51,0,0
1,2.94963,2000,78.11,0.43554,0
2,2.92647,2000,77.67,0.430293,0
0,0.402758,1000,47.51,0,1
1,5.69933,3000,105.13,0.420875,1
2,5.63661,3000,104.17,0.413907,1
3,0.402758,1000,47.58,0,1
0,0.402758,1000,47.52,0,0
1,1.1562,1000,69.92,0.434783,0
2,1.14851,1000,69.52,0.429553,0
0,0.402758,1000,47.52,0,0
1,2.89165,2000,77.54,0.423729,0
2,2.87399,2000,77.13,0.420168,0
0,0.415272,1000,47.52,0.0249626,1
1,5.41379,3000,102.01,0.39557,1
2,5.40199,3000,101.64,0.393701,1
3,0.402758,1000,47.58,0,1
0,1.205,4000,51.21,0.528541,0
1,0.402758,4000,77.05,0,0
2,0.402758,4000,76.8,0,0
0,1.29894,4000,51.13,0,1
1,4.88954,3200,88.15,0.4,1
2,4.8892,3200,88.14,0.4,1
3,0.402758,1000,46.97,0,1
0,0.402758,1000,48.02,0,0
1,1.06815,1000,63.16,0.406504,0
2,1.068,1000,63.16,0.406504,0
0,0.402758,1000,47.56,0,0
1,2.65839,2000,73.11,0.402576,0
2,2.65671,2000,73.08,0.402576,0
0,0.402758,1000,47.48,0,1
1,5.21944,3000,100.53,0.401284,1
2,5.21718,3000,100.49,0.400641,1
3,0.402758,1000,47.51,0,1
0,0.402758,1000,47.47,0,0
1,1.04509,1000,67.23,0.391236,0
2,1.04438,1000,67.21,0.391236,0
0,0.402758,1000,47.47,0,0
1,2.65546,2000,75.08,0.403226,0
2,2.65735,2000,75.09,0.403226,0
0,0.402758,1000,47.47,0,1
1,5.23272,3000,101.66,0.401929,1
2,5.22121,3000,101.52,0.400641,1
3,0.402758,1000,47.55,0,1
0,0.402758,1000,47.48,0,0
1,1.05353,1000,67.99,0.398724,0
2,1.05707,1000,67.99,0.400641,0
0,0.402758,1000,47.49,0,0
1,2.63002,2000,75.17,0.396825,0
2,2.62174,2000,75.06,0.39557,0
0,0.402758,1000,47.49,0,1
1,5.26491,3000,102.26,0.405186,1
2,5.27476,3000,102.33,0.406504,1
3,0.402758,1000,47.56,0,1
0,0.402758,1000,47.49,0,0
1,1.06944,1000,68.4,0.407166,0
2,1.06833,1000,68.38,0.406504,0
0,0.402758,1000,47.49,0,0
1,2.66549,2000,75.75,0.403877,0
2,2.65763,2000,75.63,0.401929,0
0,0.402758,1000,47.5,0,1
1,5.22613,3000,102.05,0.401284,1
2,5.23831,3000,102.16,0.403226,1
3,0.402758,1000,47.57,0,1
0,0.402758,1000,47.5,0,0
1,1.05779,1000,68.29,0.4,0
2,1.05261,1000,68.23,0.396197,0
0,0.402758,1000,47.5,0,0
1,2.64904,2000,75.59,0.400641,0
2,2.6511,2000,75.6,0.401284,0
0,0.402758,1000,47.5,0,1
1,5.27398,3000,102.59,0.406504,1
2,5.27634,3000,102.58,0.406504,1
3,0.402758,1000,47.57,0,1
0,0.402758,1000,47.5,0,0
1,1.06885,1000,68.57,0.406504,0
2,1.06485,1000,68.5,0.403877,0
0,0.402758,1000,47.5,0,0
1,2.6201,2000,75.39,0.394945,0
2,2.63541,2000,75.52,0.398089,0
0,0.402758,1000,47.5,0,1
1,5.21104,3000,101.84,0.4,1
2,5.21847,3000,101.94,0.400641,1
3,0.402758,1000,47.57,0,1
0,0.402758,1000,47.5,0,0
1,1.06621,1000,68.38,0.405186,0
2,1.06603,1000,68.39,0.405186,0
0,0.402758,1000,47.5,0,0
1,2.66668,2000,75.89,0.405186,0
2,2.66511,2000,75.86,0.404531,0
0,0.402758,1000,47.5,0,1
1,5.19959,3000,101.87,0.399361,1
2,5.19989,3000,101.84,0.399361,1
3,0.402758,1000,47.57,0,1
0,0.402758,1000,47.5,0,0
1,1.05057,1000,68.23,0.394945,0
2,1.05601,1000,68.27,0.398724,0
0,0.402758,1000,47.5,0,0
1,2.64825,2000,75.64,0.401284,0
2,2.64259,2000,75.54,0.399361,0
0,0.402758,1000,47.5,0,1
1,5.21845,3000,102.01,0.400641,1
2,5.22524,3000,102.04,0.401284,1
3,0.402758,1000,47.57,0,1
0,0.402758,1000,47.5,0,0
1,1.05606,1000,68.35,0.399361,0
2,1.05117,1000,68.27,0.396197,0
0,0.402758,1000,47.5,0,0
1,2.64015,2000,75.58,0.399361,0
2,2.64776,2000,75.63,0.401284,0
0,0.402758,1000,47.5,0,1
1,5.27303,3000,102.59,0.405844,1
2,5.27035,3000,102.53,0.405186,1
3,0.402758,1000,47.57,0,1
0,0.402758,1000,47.5,0,0
1,1.06165,1000,68.56,0.403226,0
2,1.05795,1000,68.48,0.400641,0
0,0.402758,1000,47.5,0,0
1,2.67599,2000,76.07,0.406504,0
2,2.67589,2000,76.02,0.406504,0
0,0.402758,1000,47.5,0,1
1,5.21158,3000,102.04,0.4,1
2,5.21398,3000,102.03,0.4,1
3,0.402758,1000,47.57,0,1
0,0.402758,1000,47.5,0,0
1,1.06664,1000,68.51,0.406504,0
2,1.06487,1000,68.45,0.405186,0
0,0.402758,1000,47.5,0,0
1,2.64552,2000,75.69,0.4,0
2,2.65181,2000,75.72,0.401284,0
0,0.402758,1000,47.5,0,1
1,5.26195,3000,102.54,0.405186,1
2,5.2525,3000,102.39,0.403877,1
3,0.402758,1000,47.57,0,1
0,0.402758,1000,47.5,0,0
1,1.06552,1000,68.61,0.405186,0
2,1.06575,1000,68.55,0.405186,0
0,0.402758,1000,47.5,0,0
1,2.62637,2000,75.52,0.396197,0
2,2.64733,2000,75.7,0.400641,0
0,0.402758,1000,47.5,0,1
1,5.24078,3000,102.28,0.403226,1
2,5.24104,3000,102.33,0.403226,1
3,0.402758,1000,47.58,0,1
0,0.402758,1000,47.51,0,0
1,1.06239,1000,68.49,0.402576,0
2,1.06564,1000,68.52,0.404531,0
0,0.402758,1000,47.51,0,0
1,2.65256,2000,75.81,0.401929,0
2,2.63477,2000,75.55,0.398089,0
0,0.402758,1000,47.51,0,1
1,5.19327,3000,101.84,0.398724,1
2,5.20144,3000,101.83,0.399361,1
3,0.402758,1000,47.58,0,1
0,0.402758,1000,47.51,0,0
1,1.06225,1000,68.4,0.403226,0
2,1.06036,1000,68.35,0.401929,0
0,0.402758,1000,47.51,0,0
1,2.63112,2000,75.5,0.397456,0
2,2.64692,2000,75.64,0.400641,0
0,0.402758,1000,47.51,0,1
1,5.24459,3000,102.31,0.403226,1
2,5.23602,3000,102.24,0.402576,1
3,0.402758,1000,47.58,0,1
0,0.402758,1000,47.51,0,0
1,1.0518,1000,68.39,0.396197,0
2,1.05482,1000,68.37,0.397456,0
0,0.402758,1000,47.51,0,0
1,2.65082,2000,75.77,0.401929,0
2,2.63687,2000,75.57,0.398724,0
0,0.402758,1000,47.51,0,1
1,5.26831,3000,102.58,0.405186,1
2,5.28606,3000,102.73,0.407166,1
3,0.402758,1000,47.58,0,1
0,0.402758,1000,47.51,0,0
1,1.06031,1000,68.56,0.401284,0
2,1.05868,1000,68.53,0.4,0
0,0.402758,1000,47.51,0,0
1,2.66315,2000,75.95,0.403877,0
2,2.64842,2000,75.72,0.400641,0
0,0.402758,1000,47.51,0,1
1,5.22299,3000,102.16,0.401284,1
2,5.24327,3000,102.34,0.403226,1
3,0.402758,1000,47.58,0,1
0,0.402758,1000,47.51,0,0
1,1.06148,1000,68.48,0.402576,0
2,1.05442,1000,68.4,0.397456,0
0,0.402758,1000,47.51,0,0
1,2.67742,2000,76.08,0.407166,0
2,2.67126,2000,75.96,0.405844,0
0,0.402758,1000,47.51,0,1
1,5.25042,3000,102.45,0.403226,1
2,5.27139,3000,102.67,0.405844,1
3,0.402758,1000,47.58,0,1
0,0.402758,1000,47.51,0,0
1,1.05117,1000,68.46,0.396825,0
2,1.04465,1000,68.38,0.39185,0
0,0.402758,1000,47.51,0,0
1,2.64897,2000,75.74,0.400641,0
2,2.66434,2000,75.9,0.404531,0
0,0.402758,1000,47.51,0,1
1,5.24058,3000,102.35,0.403226,1
2,5.23048,3000,102.19,0.401284,1
3,0.402758,1000,47.58,0,1
0,0.402758,1000,47.51,0,0
1,1.06739,1000,68.59,0.406504,0
2,1.0618,1000,68.46,0.402576,0
0,0.402758,1000,47.51,0,0
1,2.62747,2000,75.53,0.396197,0
2,2.65884,2000,75.85,0.403226,0
0,0.402758,1000,47.51,0,1
1,5.19496,3000,101.8,0.398724,1
2,5.1999,3000,101.9,0.399361,1
3,0.402758,1000,47.58,0,1
0,0.402758,1000,47.51,0,0
1,1.06055,1000,68.38,0.402576,0
2,1.05096,1000,68.25,0.394945,0
0,0.402758,1000,47.51,0,0
1,2.65936,2000,75.84,0.403226,0
2,2.64965,2000,75.68,0.401284,0
0,0.402758,1000,47.51,0,1
1,5.21713,3000,102.09,0.400641,1
2,5.2165,3000,101.98,0.400641,1
3,0.402758,1000,47.58,0,1
0,0.402758,1000,47.51,0,0
1,1.05117,1000,68.34,0.396197,0
2,1.05634,1000,68.35,0.4,0
0,0.402758,1000,47.51,0,0
1,2.64937,2000,75.71,0.401284,0
2,2.66192,2000,75.82,0.403877,0
0,0.402758,1000,47.51,0,1
1,5.27948,3000,102.76,0.406504,1
2,5.25059,3000,102.37,0.403226,1
3,0.402758,1000,47.58,0,1
0,0.402758,1000,47.51,0,0
1,1.06994,1000,68.71,0.407166,0
2,1.06766,1000,68.55,0.405844,0
0,0.402758,1000,47.51,0,0
1,2.64156,2000,75.72,0.399361,0
2,2.66247,2000,75.92,0.404531,0
0,0.402758,1000,47.51,0,1
1,5.25251,3000,102.51,0.404531,1
2,5.21238,3000,101.99,0.4,1
3,0.402758,1000,47.58,0,1
0,0.402758,1000,47.51,0,0
1,1.05212,1000,68.45,0.39557,0
2,1.06533,1000,68.46,0.405186,0
0,0.402758,1000,47.51,0,0
1,2.65158,2000,75.79,0.401929,0
2,2.65582,2000,75.77,0.401929,0
0,0.402758,1000,47.51,0,1
1,5.28164,3000,102.8,0.406504,1
2,5.2552,3000,102.43,0.403877,1
3,0.402758,1000,47.58,0,1
0,0.402758,1000,47.51,0,0
1,1.04864,1000,68.48,0.393701,0
2,1.06271,1000,68.54,0.403877,0
0,0.402758,1000,47.51,0,0
1,2.64773,2000,75.78,0.401284,0
2,2.63923,2000,75.62,0.398724,0
0,0.402758,1000,47.51,0,1
1,5.24729,3000,102.38,0.403226,1
2,5.25785,3000,102.48,0.404531,1
3,0.402758,1000,47.58,0,1
0,0.402758,1000,47.51,0,0
1,1.05497,1000,68.46,0.398724,0
2,1.06558,1000,68.57,0.405186,0
0,0.402758,1000,47.51,0,0
1,2.66109,2000,75.91,0.403877,0
2,2.62638,2000,75.48,0.396197,0
0,0.402758,1000,47.51,0,1
1,5.19734,3000,101.91,0.398724,1
2,5.21339,3000,101.95,0.400641,1
3,0.402758,1000,47.58,0,1
0,0.402758,1000,47.51,0,0
1,1.05441,1000,68.33,0.397456,0
2,1.05765,1000,68.35,0.4,0
0,0.402758,1000,47.51,0,0
1,2.64686,2000,75.67,0.400641,0
2,2.66834,2000,75.91,0.405186,0
0,0.402758,1000,47.51,0,1
1,5.22485,3000,102.13,0.401284,1
2,5.1997,3000,101.87,0.398724,1
3,0.402758,1000,47.58,0,1
0,0.402758,1000,47.51,0,0
1,1.05071,1000,68.36,0.396197,0
2,1.05321,1000,68.28,0.397456,0
0,0.402758,1000,47.51,0,0
1,2.67804,2000,76.05,0.407166,0
2,2.66458,2000,75.82,0.403877,0
0,0.402758,1000,47.51,0,1
1,5.2523,3000,102.48,0.403226,1
2,5.26191,3000,102.54,0.405186,1
3,0.402758,1000,47.58,0,1
0,0.402758,1000,47.51,0,0
1,1.06385,1000,68.58,0.403226,0
2,1.06718,1000,68.6,0.405844,0
0,0.402758,1000,47.51,0,0
1,2.65741,2000,75.9,0.403226,0
2,2.65354,2000,75.79,0.401929,0
0,0.402758,1000,47.51,0,1
1,5.21476,3000,102.08,0.400641,1
2,5.23217,3000,102.27,0.402576,1
3,0.402758,1000,47.58,0,1
0,0.402758,1000,47.51,0,0
1,1.06515,1000,68.5,0.404531,0
2,1.06188,1000,68.47,0.401929,0
0,0.402758,1000,47.51,0,0
1,2.6778,2000,76.09,0.407166,0
2,2.65455,2000,75.77,0.401929,0
0,0.402758,1000,47.51,0,1
1,5.20566,3000,102,0.399361,1
2,5.24994,3000,102.43,0.403877,1
3,0.402758,1000,47.58,0,1
0,0.402758,1000,47.51,0,0
1,1.0669,1000,68.51,0.405844,0
2,1.0607,1000,68.49,0.401284,0
0,0.402758,1000,47.51,0,0
1,2.63591,2000,75.6,0.398089,0
2,2.63448,2000,75.59,0.398089,0
0,0.402758,1000,47.51,0,1
1,5.26494,3000,102.56,0.405186,1
2,5.27342,3000,102.61,0.405844,1
3,0.402758,1000,47.58,0,1
0,0.402758,1000,47.51,0,0
1,1.06258,1000,68.59,0.403877,0
2,1.05106,1000,68.42,0.394945,0
0,0.402758,1000,47.51,0,0
1,2.62697,2000,75.53,0.396197,0
2,2.6518,2000,75.79,0.402576,0
0,0.402758,1000,47.51,0,1
1,5.2032,3000,101.88,0.399361,1
2,5.19585,3000,101.82,0.398724,1
3,0.402758,1000,47.58,0,1
0,0.402758,1000,47.51,0,0
1,1.06269,1000,68.42,0.403226,0
2,1.06788,1000,68.43,0.406504,0
0,0.402758,1000,47.51,0,0
1,2.66873,2000,75.97,0.405186,0
2,2.64158,2000,75.58,0.398724,0
0,0.402758,1000,47.51,0,1
1,5.19489,3000,101.88,0.398724,1
2,5.19543,3000,101.77,0.398724,1
3,0.402758,1000,47.58,0,1
0,0.402758,1000,47.51,0,0
1,1.05332,1000,68.31,0.396825,0
2,1.05344,1000,68.26,0.398089,0
0,0.402758,1000,47.51,0,0
1,2.66483,2000,75.86,0.403877,0
2,2.67863,2000,75.98,0.407166,0
0,0.402758,1000,47.51,0,1
1,5.26937,3000,102.65,0.405186,1
2,5.28391,3000,102.82,0.407166,1
3,0.402758,1000,47.58,0,1
0,0.402758,1000,47.51,0,0
1,1.06583,1000,68.65,0.405844,0
2,1.0543,1000,68.51,0.396825,0
0,0.402758,1000,47.51,0,0
1,2.64331,2000,75.73,0.399361,0
2,2.64562,2000,75.72,0.400641,0
0,0.402758,1000,47.51,0,1
1,5.24973,3000,102.48,0.403877,1
2,5.23027,3000,102.17,0.401929,1
3,0.402758,1000,47.58,0,1
0,0.402758,1000,47.51,0,0
1,1.05908,1000,68.52,0.4,0
2,1.06168,1000,68.45,0.402576,0
0,0.402758,1000,47.51,0,0
1,2.66251,2000,75.9,0.403226,0
2,2.67344,2000,75.99,0.405844,0
0,0.402758,1000,47.51,0,1
1,5.23806,3000,102.37,0.402576,1
2,5.23054,3000,102.21,0.401929,1
3,0.402758,1000,47.58,0,1
0,0.402758,1000,47.51,0,0
1,1.05337,1000,68.43,0.396825,0
2,1.05562,1000,68.4,0.398724,0
0,0.402758,1000,47.51,0,0
1,2.64913,2000,75.79,0.401929,0
2,2.6513,2000,75.75,0.401929,0
0,0.402758,1000,47.51,0,1
1,5.24487,3000,102.34,0.402576,1
2,5.24074,3000,102.27,0.402576,1
3,0.402758,1000,47.58,0,1
0,0.402758,1000,47.51,0,0
1,1.05479,1000,68.45,0.398089,0
2,1.06589,1000,68.53,0.405844,0
0,0.402758,1000,47.51,0,0
1,2.65165,2000,75.81,0.401929,0
2,2.63607,2000,75.58,0.398089,0
0,0.402758,1000,47.51,0,1
1,5.21214,3000,102.07,0.400641,1
2,5.22198,3000,102.08,0.401284,1
3,0.402758,1000,47.58,0,1
0,0.402758,1000,47.51,0,0
1,1.05369,1000,68.35,0.396825,0
2,1.04978,1000,68.28,0.394945,0
0,0.402758,1000,47.51,0,0
1,2.65848,2000,75.81,0.402576,0
2,2.66778,2000,75.88,0.404531,0
0,0.402758,1000,47.51,0,1
1,5.18592,3000,101.76,0.398089,1
2,5.18426,3000,101.74,0.398089,1
3,0.402758,1000,47.58,0,1
0,0.402758,1000,47.51,0,0
1,1.06113,1000,68.38,0.402576,0
2,1.06616,1000,68.39,0.405844,0
0,0.402758,1000,47.51,0,0
1,2.68003,2000,76.05,0.407166,0
2,2.67418,2000,75.94,0.405844,0
0,0.402758,1000,47.51,0,1
1,5.2687,3000,102.69,0.405186,1
2,5.2449,3000,102.34,0.403226,1
3,0.402758,1000,47.58,0,1
0,0.402758,1000,47.51,0,0
1,1.05183,1000,68.49,0.39557,0
2,1.05866,1000,68.47,0.401284,0
0,0.402758,1000,47.51,0,0
1,2.663,2000,75.94,0.403877,0
2,2.67121,2000,75.98,0.405844,0
0,0.402758,1000,47.51,0,1
1,5.22809,3000,102.23,0.401284,1
2,5.21606,3000,102.08,0.400641,1
3,0.402758,1000,47.58,0,1
0,0.402758,1000,47.51,0,0
1,1.06033,1000,68.49,0.401929,0
2,1.06718,1000,68.5,0.406504,0
0,0.402758,1000,47.51,0,0
1,2.67661,2000,76.08,0.407166,0
2,2.66685,2000,75.91,0.404531,0
0,0.402758,1000,47.51,0,1
1,5.20433,3000,101.98,0.399361,1
2,5.21924,3000,102.09,0.400641,1
3,0.402758,1000,47.58,0,1
0,0.402758,1000,47.51,0,0
1,1.06384,1000,68.48,0.404531,0
2,1.06168,1000,68.44,0.403226,0
0,0.402758,1000,47.51,0,0
1,2.64487,2000,75.69,0.4,0
2,2.6415,2000,75.61,0.399361,0
0,0.402758,1000,47.51,0,1
1,5.25035,3000,102.44,0.403877,1
2,5.2618,3000,102.53,0.405186,1
3,0.402758,1000,47.58,0,1
0,0.402758,1000,47.51,0,0
1,1.06345,1000,68.57,0.403877,0
2,1.05206,1000,68.41,0.39557,0
0,0.402758,1000,47.51,0,0
1,2.62464,2000,75.51,0.396197,0
2,2.6411,2000,75.66,0.4,0
0,0.402758,1000,47.51,0,1
1,5.22343,3000,102.07,0.401284,1
2,5.20225,3000,101.82,0.398724,1
3,0.402758,1000,47.58,0,1
0,0.402758,1000,47.51,0,0
1,1.05502,1000,68.39,0.398724,0
2,1.06426,1000,68.4,0.405186,0
0,0.402758,1000,47.51,0,0
1,2.66109,2000,75.87,0.403877,0
2,2.65133,2000,75.69,0.401284,0
0,0.402758,1000,47.51,0,1
1,5.20821,3000,102.03,0.4,1
2,5.19836,3000,101.84,0.399361,1
3,0.402758,1000,47.58,0,1
0,0.402758,1000,47.51,0,0
1,1.06534,1000,68.48,0.403877,0
2,1.06776,1000,68.42,0.405844,0
0,0.402758,1000,47.51,0,0
1,2.67452,2000,76.01,0.405844,0
2,2.66772,2000,75.89,0.404531,0
0,0.402758,1000,47.51,0,1
1,5.23191,3000,102.27,0.401929,1
2,5.25805,3000,102.54,0.404531,1
3,0.402758,1000,47.58,0,1
0,0.402758,1000,47.51,0,0
1,1.06496,1000,68.56,0.405186,0
2,1.05711,1000,68.49,0.4,0
0,0.402758,1000,47.51,0,0
1,2.65637,2000,75.84,0.401929,0
2,2.64924,2000,75.72,0.400641,0
0,0.402758,1000,47.51,0,1
1,5.23975,3000,102.38,0.403226,1
2,5.24997,3000,102.43,0.403877,1
3,0.402758,1000,47.58,0,1
0,0.402758,1000,47.51,0,0
1,1.05916,1000,68.5,0.400641,0
2,1.05355,1000,68.41,0.396825,0
0,0.402758,1000,47.51,0,0
1,2.67401,2000,76.02,0.405844,0
2,2.68207,2000,76.06,0.407166,0
0,0.402758,4000,-1,0,0
1,0.616808,4000,-1,0.282805,0
0,2.13301,3200,58.83,0.125628,1
1,7.13836,4000,115.87,0.332447,1
2,0.403472,1000,46.97,0,1
3,0.402758,1000,46.97,0,1
0,0.402758,1000,48.59,0,0
1,0.941065,1000,69.29,0.365497,0
2,0.402825,1000,47.35,0,0
0,0.402758,1000,47.52,0,0
1,2.19917,2000,71.88,0.339213,0
2,0.402758,1000,47.46,0,0
0,0.402758,1000,47.47,0,1
1,4.30201,3000,94.22,0.345781,1
2,0.40278,1000,47.5,0,1
3,0.402758,1000,47.49,0,1
0,0.402758,1000,47.46,0,0
1,0.942471,1000,65.43,0.367107,0
2,0.402825,1000,47.52,0,0
0,0.402758,1000,47.46,0,0
1,2.18999,2000,70.93,0.336927,0
2,0.402758,1000,47.53,0,0
0,0.402758,1000,47.46,0,1
1,4.38704,3000,95.33,0.357143,1
2,0.402803,1000,47.53,0,1
3,0.402758,1000,47.53,0,1
0,0.402758,1000,47.47,0,0
1,0.917364,1000,65.28,0.343407,0
2,0.402758,1000,47.54,0,0
0,0.402758,1000,47.47,0,0
1,2.26079,2000,72.05,0.357143,0
2,0.474784,1000,47.56,0.110181,0
0,0.402758,1000,47.47,0,1
1,4.38193,3000,95.4,0.355114,1
2,1.62669,2000,57.38,0.32175,1
3,0.402758,1000,47.53,0,1
0,0.402758,1000,47.47,0,0
1,0.925025,1000,65.47,0.348675,0
2,0.828717,1000,53.47,0.289017,0
0,0.402758,1000,47.47,0,0
1,2.28621,2000,72.49,0.362845,0
2,1.41609,2000,57.12,0.170765,0
0,0.402758,1000,47.47,0,1
1,4.35113,3000,95.14,0.351617,1
2,2.04032,3000,62.19,0.113947,1
3,0.402758,1000,47.54,0,1
0,0.402758,1000,47.47,0,0
1,0.949289,1000,65.86,0.371471,0
2,0.743032,1000,54,0.225023,0
0,0.402758,1000,47.47,0,0
1,2.23988,2000,71.84,0.349162,0
2,1.08654,2000,53.7,0.0997606,0
0,0.402758,1000,47.48,0,1
1,4.42,3000,96.1,0.36075,1
2,1.35102,2000,56.6,0.234082,1
3,0.402758,1000,47.54,0,1
0,0.402758,1000,47.48,0,0
1,0.923147,1000,65.64,0.345304,0
2,0.906734,1000,54.58,0.334225,0
0,0.402758,1000,47.48,0,0
1,2.27292,2000,72.38,0.359195,0
2,1.25259,2000,55.71,0.13624,0
0,0.402758,1000,47.48,0,1
1,4.42926,3000,96.05,0.359195,1
2,2.91081,3000,72.43,0.202758,1
3,0.402758,1000,47.54,0,1
0,0.402758,1000,47.48,0,0
1,0.93228,1000,65.79,0.353107,0
2,0.639603,1000,55.46,0.163292,0
0,0.402758,1000,47.48,0,0
1,2.31708,2000,72.96,0.368732,0
2,1.54167,2000,59.81,0.198413,0
0,0.402758,1000,47.48,0,1
1,4.43472,3000,96.28,0.359712,1
2,1.88129,3000,61.35,0.0978474,1
3,0.402758,1000,47.55,0,1
0,0.402758,1000,47.48,0,0
1,0.930934,1000,65.88,0.353107,0
2,0.402758,1000,50.01,0,0
0,0.402758,1000,47.48,0,0
1,2.25147,2000,72.19,0.353607,0
2,0.640372,1000,50.07,0.314861,0
0,0.402758,1000,47.48,0,1
1,4.36633,3000,95.24,0.352113,1
2,1.2826,2000,54.97,0.215146,1
3,0.402758,1000,47.55,0,1
0,0.402758,1000,47.48,0,0
1,0.921752,1000,65.49,0.345781,0
2,0.402758,1000,48.05,0,0
0,0.402758,1000,47.48,0,0
1,2.26531,2000,72.23,0.357143,0
2,0.634975,1000,49.18,0.307125,0
0,0.402758,1000,47.48,0,1
1,4.38267,3000,95.45,0.354108,1
2,1.22008,2000,53.8,0.195008,1
3,0.402758,1000,47.55,0,1
0,0.402758,1000,47.48,0,0
1,0.941175,1000,65.81,0.361272,0
2,0.402758,1000,47.84,0,0
0,0.402758,1000,47.48,0,0
1,2.27854,2000,72.5,0.360231,0
2,0.616645,1000,48.82,0.288684,0
0,0.689234,1000,48.84,0.589623,0
2,1.57542,2000,57.84,0.309023,0
0,1.77065,2000,59.75,0.365103,1
1,0.470571,1000,51.3,0.13369,1
2,4.43842,3000,91.54,0.363372,1
3,0.402758,1000,47.54,0,1
0,0.550746,1000,50.42,0.0806712,0
1,0.928289,1000,54.31,0.350631,0
0,0.885312,1000,52.73,0.633588,0
1,2.11765,2000,66.17,0.32175,0
0,1.32656,2000,55.74,0.222222,1
1,4.34471,3000,92.39,0.348675,1
2,0.403412,1000,47.89,0,1
3,0.402758,1000,47.55,0,1
0,0.402758,1000,48.25,0,0
1,0.938508,1000,64.41,0.359712,0
2,0.402835,1000,47.65,0,0
0,0.402758,1000,47.57,0,0
1,2.23232,2000,71.04,0.347222,0
2,0.402792,1000,47.61,0,0
0,0.402758,1000,47.52,0,1
1,4.38301,3000,94.99,0.35461,1
2,0.57473,1000,47.73,0.338295,1
3,0.402758,1000,47.55,0,1
0,0.402758,1000,47.5,0,0
1,0.934097,1000,65.47,0.357654,0
2,0.979495,1000,52.95,0.384615,0
0,0.402758,1000,47.5,0,0
1,2.30981,2000,72.67,0.366569,0
2,2.34884,2000,67.87,0.37092,0
0,0.402758,1000,47.49,0,1
1,4.46618,3000,96.64,0.363901,1
2,4.55075,3000,94.7,0.368732,1
3,0.402758,1000,47.54,0,1
0,0.402758,1000,47.49,0,0
1,0.95588,1000,66.26,0.371471,0
2,0.970363,1000,65.12,0.379363,0
0,0.402758,1000,47.49,0,0
1,2.28987,2000,72.75,0.362845,0
2,2.3326,2000,72.27,0.368189,0
0,0.402758,1000,47.49,0,1
1,4.51184,3000,97.29,0.368732,1
2,4.57281,3000,97.22,0.372024,1
3,0.402758,1000,47.55,0,1
0,0.402758,1000,47.49,0,0
1,0.94823,1000,66.38,0.366569,0
2,0.947959,1000,66.01,0.360231,0
0,0.518723,1000,47.65,0.133333,0
2,2.22614,2000,71.8,0.348675,0
0,2.2284,2000,64.65,0.515464,1
1,0.433213,1000,52.87,0.0607681,1
2,4.67713,3000,98.73,0.384025,1
3,0.402758,1000,47.56,0,1
0,0.402758,1000,50.15,0,0
1,0.996791,1000,55.65,0.390016,0
2,1.03771,1000,67.69,0.426621,0
0,0.402758,1000,47.58,0,0
1,2.4198,2000,70.34,0.388802,0
2,2.39253,2000,74.32,0.385208,0
0,0.402758,1000,47.54,0,1
1,4.70574,3000,97.89,0.385802,1
2,4.76652,3000,100.79,0.394945,1
3,0.402758,1000,47.56,0,1
0,0.402758,1000,47.52,0,0
1,0.965216,1000,66.11,0.369276,0
2,1.00426,1000,67.91,0.403226,0
0,0.402758,1000,47.51,0,0
1,2.38789,2000,73.66,0.382848,0
2,2.4178,2000,74.82,0.390625,0
0,0.486353,1000,47.59,0.146456,1
1,4.24656,3000,93.63,0.336022,1
2,3.18416,3000,82.04,0.233863,1
3,0.402758,1000,47.57,0,1
0,1.35075,1000,56.92,0.62406,0
1,0.983124,1000,65.73,0.382263,0
0,1.5488,2000,59.16,0.196078,0
1,2.41924,2000,73.82,0.385802,0
2,0.61398,1000,52.3,0.27933,0
0,0.938468,3000,50.27,0,1
1,4.66186,3000,99.08,0.381679,1
2,1.87822,2000,63.1,0.401929,1
3,0.402758,1000,47.56,0,1
0,0.402758,1000,48.03,0,0
1,1.04154,1000,67.97,0.429553,0
2,1.01579,1000,57.91,0.410509,0
0,0.402758,1000,47.65,0,0
1,2.53096,2000,76.25,0.416667,0
2,2.46416,2000,71.27,0.396197,0
0,0.402758,1000,47.56,0,1
1,4.93104,3000,103.15,0.409836,1
2,4.79535,3000,99.15,0.394322,1
3,0.402758,1000,47.56,0,1
0,0.402758,1000,47.53,0,0
1,1.02378,1000,68.89,0.417362,0
2,0.996117,1000,66.9,0.394322,0
0,0.402758,1000,47.52,0,0
1,2.50498,2000,76.31,0.410509,0
2,2.46408,2000,74.6,0.39557,0
0,0.402758,1000,47.51,0,1
1,4.88365,3000,102.72,0.405186,1
2,4.79153,3000,100.28,0.390625,1
3,0.402758,1000,47.56,0,1
0,0.402758,1000,47.51,0,0
1,1.00409,1000,68.59,0.403877,0
2,1.01642,1000,67.92,0.411862,0
0,0.458774,1000,47.57,0.0557041,0
2,2.45788,2000,74.81,0.390625,0
0,0.625321,1000,48.07,0.432526,1
1,0.402758,1000,53.5,0,1
2,4.57634,3000,98.4,0.373134,1
3,0.402758,1000,47.57,0,1
0,1.18602,1000,55.16,0.507099,0
2,1.05332,1000,68.02,0.438596,0
0,1.48267,2000,57.72,0.177431,0
1,0.60929,1000,49.69,0.267094,0
2,2.56956,2000,76.52,0.421585,0
0,0.938468,3000,50.27,0,1
1,1.80558,2000,60.78,0.37037,1
2,4.99829,3000,104.26,0.419463,1
3,0.402758,1000,47.57,0,1
0,0.402758,1000,48.02,0,0
1,0.983533,1000,56.56,0.382848,0
2,1.03387,1000,69.14,0.417362,0
0,0.402758,1000,47.65,0,0
1,2.46997,2000,70.34,0.388802,0
2,2.55406,2000,76.98,0.421585,0
0,0.402758,1000,47.56,0,1
1,4.64966,3000,95.93,0.369822,1
2,5.17261,3000,106.52,0.4363,1
3,0.402758,1000,47.57,0,1
0,0.402758,1000,47.53,0,0
1,1.05064,1000,66.7,0.431034,0
2,1.03894,1000,69.96,0.42735,0
0,0.474369,1000,47.6,0.0774713,0
1,2.47426,2000,73.96,0.386997,0
0,0.671914,1000,48.72,0.52521,1
1,4.64159,3000,98.25,0.374813,1
2,0.402758,1000,54.09,0,1
3,0.402758,1000,47.57,0,1
0,1.23045,1000,55.96,0.539957,0
1,1.01606,1000,67.1,0.394945,0
0,0.914756,2000,51.41,0.0584795,0
1,2.40969,2000,73.64,0.373692,0
2,0.403728,1000,47.73,0,0
0,0.63999,2000,48.85,0,1
1,4.71664,3000,98.76,0.378788,1
2,0.402781,1000,47.68,0,1
3,0.402758,1000,47.56,0,1
0,0.402758,1000,47.76,0,0
1,1.00031,1000,67.16,0.386399,0
2,0.402758,1000,47.64,0,0
0,0.402758,1000,47.58,0,0
1,2.44022,2000,74.19,0.382263,0
2,0.402758,1000,47.62,0,0
0,0.402758,1000,47.53,0,1
1,4.6505,3000,98.07,0.371471,1
2,0.40278,1000,47.61,0,1
3,0.402758,1000,47.55,0,1
0,0.402758,1000,47.51,0,0
1,0.983184,1000,66.84,0.37594,0
2,0.402758,1000,47.6,0,0
0,0.402758,1000,47.5,0,0
1,2.44003,2000,74.44,0.388199,0
2,0.402792,1000,47.59,0,0
0,0.402758,1000,47.49,0,1
1,4.58594,3000,97.17,0.363372,1
2,0.402758,1000,47.59,0,1
3,0.402758,1000,47.55,0,1
0,0.402758,1000,47.49,0,0
1,1.00678,1000,67.06,0.400641,0
2,0.49634,1000,47.6,0.0608717,0
0,0.402758,1000,47.49,0,0
1,2.422,2000,73.95,0.378788,0
2,0.70178,1000,49.12,0.382848,0
0,0.402758,1000,47.49,0,1
1,4.58813,3000,97.66,0.368189,1
2,1.83558,2000,60.48,0.382263,1
3,0.402758,1000,47.55,0,1
0,0.402758,1000,47.49,0,0
1,0.995155,1000,66.92,0.386399,0
2,1.01262,1000,56.45,0.400641,0
0,0.402758,1000,47.49,0,0
1,2.40667,2000,73.88,0.377643,0
2,2.51034,2000,70.31,0.392465,0
0,0.402758,1000,47.49,0,1
1,4.62802,3000,98,0.371471,1
2,4.26579,3000,91.42,0.332889,1
3,0.402758,1000,47.55,0,1
0,0.402758,1000,47.49,0,0
1,0.987583,1000,66.93,0.381679,0
2,1.01995,1000,64.92,0.401284,0
0,0.402758,1000,47.49,0,0
1,2.42545,2000,74.17,0.382848,0
2,2.41337,2000,72.55,0.373692,0
0,0.402758,1000,47.5,0,1
1,4.60851,3000,97.85,0.369276,1
2,3.45863,3000,83.14,0.251004,1
3,0.402758,1000,47.56,0,1
0,0.402758,1000,47.5,0,0
1,1.00043,1000,67.1,0.393082,0
2,1.00356,1000,63.05,0.386997,0
0,0.402758,1000,47.5,0,0
1,2.42888,2000,74.17,0.382263,0
2,2.49987,2000,73.67,0.402576,0
0,0.402758,1000,47.5,0,1
1,4.64004,3000,98.41,0.374251,1
2,3.70309,3000,85.53,0.269397,1
3,0.402758,1000,47.56,0,1
0,0.402758,1000,47.5,0,0
1,1.00348,1000,67.27,0.394322,0
2,0.996,1000,63.56,0.381098,0
0,0.402758,1000,47.5,0,0
1,2.47733,2000,75.05,0.396825,0
2,1.17961,2000,58.21,0.117925,0
0,0.402758,1000,47.5,0,1
1,4.58279,3000,97.65,0.365497,1
2,4.74668,3000,93.74,0.371471,1
3,0.402758,1000,47.56,0,1
0,0.402758,1000,47.5,0,0
1,1.01421,1000,67.22,0.400641,0
2,0.737819,1000,62.41,0.225428,0
0,0.402758,1000,47.5,0,0
1,2.48163,2000,75.1,0.398089,0
2,1.83202,2000,65.19,0.248756,0
0,0.402758,1000,47.5,0,1
1,4.63825,3000,98.36,0.371471,1
2,4.01769,3000,87.82,0.306373,1
3,0.402758,1000,47.56,0,1
0,0.402758,1000,47.5,0,0
1,1.03917,1000,67.82,0.423729,0
2,0.701583,1000,60.51,0.190694,0
0,0.402758,1000,47.5,0,0
1,2.41125,2000,74.16,0.378215,0
2,2.47402,2000,71.99,0.381679,0
0,0.402758,1000,47.5,0,1
1,4.72891,3000,99.56,0.383436,1
2,3.36777,3000,81.91,0.242248,1
3,0.402758,1000,47.56,0,1
0,0.402758,1000,47.5,0,0
1,1.00477,1000,67.58,0.394322,0
2,1.01412,1000,62.79,0.390016,0
0,0.402758,1000,47.5,0,0
1,2.42287,2000,74.3,0.381098,0
2,2.44044,2000,72.27,0.378215,0
0,0.402758,1000,47.5,0,1
1,4.74782,3000,100.03,0.386997,1
2,3.78749,3000,86.8,0.283126,1
3,0.402758,1000,47.56,0,1
0,0.402758,1000,47.5,0,0
1,1.00438,1000,67.69,0.393701,0
2,0.998302,1000,63.95,0.385802,0
0,0.402758,1000,47.5,0,0
1,2.5248,2000,75.75,0.407166,0
2,1.89849,2000,66.68,0.269107,0
0,0.402758,1000,47.5,0,1
1,4.71607,3000,99.46,0.379363,1
2,4.66119,3000,95.28,0.366032,1
3,0.402758,1000,47.56,0,1
0,0.402758,1000,47.5,0,0
1,1.03688,1000,67.96,0.414594,0
2,1.01165,1000,66.25,0.402576,0
0,0.402758,1000,47.5,0,0
1,2.52343,2000,75.81,0.406504,0
2,1.90126,2000,67.16,0.263992,0
0,0.402758,1000,47.5,0,1
1,4.63609,3000,98.46,0.37037,1
2,4.23006,3000,91.22,0.329381,1
3,0.402758,1000,47.57,0,1
0,0.402758,1000,47.5,0,0
1,1.03942,1000,67.94,0.425894,0
2,0.657559,1000,61,0.162549,0
0,0.402758,1000,47.5,0,0
1,2.40963,2000,74.21,0.378215,0
2,2.4368,2000,72.08,0.378215,0
0,0.402758,1000,47.5,0,1
1,4.73421,3000,99.36,0.381679,1
2,2.75205,3000,75.04,0.182749,1
3,0.402758,1000,47.57,0,1
0,0.402758,1000,47.5,0,0
1,0.982921,1000,67.28,0.379939,0
2,0.968094,1000,60.66,0.362845,0
0,0.402758,1000,47.5,0,0
1,2.40308,2000,73.96,0.376506,0
2,2.49155,2000,72.19,0.388802,0
0,0.402758,1000,47.5,0,1
1,4.7862,3000,100.15,0.388802,1
2,1.8913,3000,64.84,0.0973141,1
3,0.402758,1000,47.57,0,1
0,0.402758,1000,47.5,0,0
1,0.983326,1000,67.44,0.378788,0
2,0.984612,1000,58.18,0.37037,0
0,0.402758,1000,47.5,0,0
1,2.42761,2000,74.22,0.379939,0
2,2.44616,2000,70.82,0.381098,0
0,0.402758,1000,47.5,0,1
1,4.75498,3000,99.61,0.383436,1
2,1.98106,3000,65.35,0.106383,1
3,0.402758,1000,47.56,0,1
0,0.402758,1000,47.5,0,0
1,1.02158,1000,67.7,0.4,0
2,1.00075,1000,58.4,0.384025,0
0,0.402758,1000,47.5,0,0
1,2.50802,2000,75.19,0.396825,0
2,2.44033,2000,70.77,0.380518,0
0,0.459443,1000,47.51,0.139198,1
1,3.23904,3000,82.32,0.234522,1
2,3.31271,3000,80.73,0.237643,1
3,0.402758,1000,47.56,0,1
0,0.402758,1000,47.5,0,0
2,1.02019,1000,62.42,0.396197,0
0,0.402758,1000,47.5,0,0
2,2.49081,2000,72.99,0.39557,0
0,0.402758,1000,47.5,0,1
1,0.402758,1000,47.72,0,1
2,4.83849,3000,99.04,0.386399,1
3,0.402758,1000,47.56,0,1
0,0.402758,1000,47.5,0,0
2,1.00512,1000,67.12,0.394322,0
0,0.402758,1000,47.49,0,0
2,2.49197,2000,74.42,0.389408,0
0,0.402758,1000,47.49,0,1
1,0.402758,1000,47.55,0,1
2,4.81018,3000,99.6,0.384615,1
3,0.402758,1000,47.57,0,1
0,0.402758,1000,47.49,0,0
2,1.00877,1000,67.44,0.39185,0
0,0.402758,1000,47.49,0,0
2,2.46639,2000,74.5,0.386997,0
0,0.402758,1000,47.49,0,1
1,0.402758,1000,47.52,0,1
2,4.72286,3000,98.33,0.373134,1
3,0.402758,1000,47.57,0,1
0,0.402758,1000,47.48,0,0
2,1.02274,1000,67.39,0.403877,0
0,0.402758,1000,47.48,0,0
2,2.41931,2000,73.66,0.372024,0
0,0.402758,1000,47.48,0,1
1,0.402758,1000,47.51,0,1
2,4.64388,3000,97.45,0.367107,1
3,0.402758,1000,47.57,0,1
0,0.402758,1000,47.48,0,0
2,1.0001,1000,66.74,0.381098,0
0,0.402758,1000,47.48,0,0
2,2.46869,2000,74,0.381679,0
0,0.477676,1000,47.49,0.17313,0
